Date,Home,Away,RS,RA
thursday mar 28,OAK,LAA,4,0
friday mar 29,OAK,LAA,2,6
saturday mar 30,OAK,LAA,4,2
sunday mar 31,OAK,LAA,2,1
monday apr 1,SEA,LAA,6,3
tuesday apr 2,SEA,LAA,2,1
thursday apr 4,LAA,TEX,4,11
friday apr 5,LAA,TEX,3,1
saturday apr 6,LAA,TEX,5,1
sunday apr 7,LAA,TEX,7,2
monday apr 8,LAA,MIL,5,2
tuesday apr 9,LAA,MIL,11,8
wednesday apr 10,LAA,MIL,4,2
friday apr 12,CHC,LAA,5,1
saturday apr 13,CHC,LAA,5,6
monday apr 15,TEX,LAA,12,7
tuesday apr 16,TEX,LAA,5,0
wednesday apr 17,TEX,LAA,5,4
thursday apr 18,LAA,SEA,10,11
friday apr 19,LAA,SEA,3,5
saturday apr 20,LAA,SEA,5,6
sunday apr 21,LAA,SEA,8,6
monday apr 22,LAA,NYY,3,4
tuesday apr 23,LAA,NYY,5,7
wednesday apr 24,LAA,NYY,5,6
thursday apr 25,LAA,NYY,11,5
friday apr 26,KCR,LAA,1,5
saturday apr 27,KCR,LAA,9,4
sunday apr 28,KCR,LAA,3,7
tuesday apr 30,LAA,TOR,4,3
wednesday may 1,LAA,TOR,6,3
thursday may 2,LAA,TOR,6,2
saturday may 4,LAA,HOU,2,14
sunday may 5,LAA,HOU,4,10
tuesday may 7,DET,LAA,2,5
wednesday may 8,DET,LAA,10,3
thursday may 9,DET,LAA,0,13
friday may 10,BAL,LAA,3,8
saturday may 11,BAL,LAA,2,7
sunday may 12,BAL,LAA,5,1
monday may 13,MIN,LAA,4,5
tuesday may 14,MIN,LAA,4,3
wednesday may 15,MIN,LAA,8,7
friday may 17,LAA,KCR,5,2
saturday may 18,LAA,KCR,6,3
sunday may 19,LAA,KCR,1,5
monday may 20,LAA,MIN,1,3
tuesday may 21,LAA,MIN,3,8
thursday may 23,LAA,MIN,7,16
friday may 24,LAA,TEX,3,4
saturday may 25,LAA,TEX,3,2
sunday may 26,LAA,TEX,7,6
monday may 27,OAK,LAA,8,5
tuesday may 28,OAK,LAA,4,6
wednesday may 29,OAK,LAA,7,12
thursday may 30,SEA,LAA,3,9
friday may 31,SEA,LAA,4,3
saturday jun 1,SEA,LAA,3,6
sunday jun 2,SEA,LAA,3,13
monday jun 3,CHC,LAA,8,1
tuesday jun 4,LAA,OAK,2,4
wednesday jun 5,LAA,OAK,10,9
thursday jun 6,LAA,OAK,4,7
friday jun 7,LAA,SEA,2,6
saturday jun 8,LAA,SEA,12,3
sunday jun 9,LAA,SEA,3,9
monday jun 10,LAA,LAD,5,3
tuesday jun 11,LAA,LAD,5,3
thursday jun 13,TBR,LAA,3,5
friday jun 14,TBR,LAA,9,4
saturday jun 15,TBR,LAA,3,5
sunday jun 16,TBR,LAA,6,5
monday jun 17,TOR,LAA,5,10
tuesday jun 18,TOR,LAA,1,3
wednesday jun 19,TOR,LAA,6,11
thursday jun 20,TOR,LAA,7,5
friday jun 21,STL,LAA,5,1
saturday jun 22,STL,LAA,4,2
sunday jun 23,STL,LAA,4,6
tuesday jun 25,LAA,CIN,5,1
wednesday jun 26,LAA,CIN,5,1
thursday jun 27,LAA,OAK,8,3
friday jun 28,LAA,OAK,2,7
saturday jun 29,LAA,OAK,0,4
sunday jun 30,LAA,OAK,3,12
tuesday jul 2,TEX,LAA,4,9
wednesday jul 3,TEX,LAA,2,6
thursday jul 4,TEX,LAA,9,3
friday jul 5,HOU,LAA,4,5
saturday jul 6,HOU,LAA,4,0
sunday jul 7,HOU,LAA,11,10
friday jul 12,LAA,SEA,13,0
saturday jul 13,LAA,SEA,9,2
sunday jul 14,LAA,SEA,6,3
monday jul 15,LAA,HOU,9,6
tuesday jul 16,LAA,HOU,7,2
wednesday jul 17,LAA,HOU,2,11
thursday jul 18,LAA,HOU,2,6
friday jul 19,SEA,LAA,10,0
saturday jul 20,SEA,LAA,2,6
sunday jul 21,SEA,LAA,3,9
tuesday jul 23,LAD,LAA,4,5
wednesday jul 24,LAD,LAA,2,3
thursday jul 25,LAA,BAL,8,10
friday jul 26,LAA,BAL,3,9
saturday jul 27,LAA,BAL,7,8
sunday jul 28,LAA,BAL,5,4
monday jul 29,LAA,DET,2,7
tuesday jul 30,LAA,DET,6,1
wednesday jul 31,LAA,DET,1,9
friday aug 2,CLE,LAA,7,3
saturday aug 3,CLE,LAA,7,2
sunday aug 4,CLE,LAA,6,2
monday aug 5,CIN,LAA,7,4
tuesday aug 6,CIN,LAA,8,4
thursday aug 8,BOS,LAA,3,0
friday aug 9,BOS,LAA,16,4
saturday aug 10,BOS,LAA,4,12
sunday aug 11,BOS,LAA,4,5
monday aug 12,LAA,PIT,2,10
tuesday aug 13,LAA,PIT,7,10
wednesday aug 14,LAA,PIT,7,4
thursday aug 15,LAA,CHW,8,7
friday aug 16,LAA,CHW,2,7
saturday aug 17,LAA,CHW,6,5
sunday aug 18,LAA,CHW,9,2
monday aug 19,TEX,LAA,8,7
tuesday aug 20 (1),TEX,LAA,1,5
tuesday aug 20 (2),TEX,LAA,3,2
wednesday aug 21,TEX,LAA,8,7
friday aug 23,HOU,LAA,5,4
saturday aug 24,HOU,LAA,5,2
sunday aug 25,HOU,LAA,11,2
tuesday aug 27,LAA,TEX,5,2
wednesday aug 28,LAA,TEX,0,3
friday aug 30,LAA,BOS,6,7
saturday aug 31,LAA,BOS,10,4
sunday sep 1,LAA,BOS,3,4
tuesday sep 3,OAK,LAA,7,5
wednesday sep 4,OAK,LAA,4,0
thursday sep 5,OAK,LAA,10,6
friday sep 6,CHW,LAA,4,5
saturday sep 7,CHW,LAA,7,8
sunday sep 8,CHW,LAA,5,1
monday sep 9,LAA,CLE,2,6
tuesday sep 10,LAA,CLE,0,8
wednesday sep 11,LAA,CLE,3,4
friday sep 13,LAA,TBR,4,11
saturday sep 14,LAA,TBR,1,3
sunday sep 15,LAA,TBR,6,4
tuesday sep 17,NYY,LAA,8,0
wednesday sep 18,NYY,LAA,2,3
thursday sep 19,NYY,LAA,9,1
friday sep 20,HOU,LAA,6,4
saturday sep 21,HOU,LAA,4,8
sunday sep 22,HOU,LAA,13,5
tuesday sep 24,LAA,OAK,3,2
wednesday sep 25,LAA,OAK,2,3
thursday sep 26,LAA,HOU,4,3
friday sep 27,LAA,HOU,0,4
saturday sep 28,LAA,HOU,3,6
sunday sep 29,LAA,HOU,5,8
thursday mar 28,TBR,HOU,1,5
friday mar 29,TBR,HOU,4,2
saturday mar 30,TBR,HOU,3,1
sunday mar 31,TBR,HOU,3,1
monday apr 1,TEX,HOU,1,2
tuesday apr 2,TEX,HOU,6,4
wednesday apr 3,TEX,HOU,4,0
friday apr 5,HOU,OAK,3,2
saturday apr 6,HOU,OAK,6,0
sunday apr 7,HOU,OAK,9,8
monday apr 8,HOU,NYY,4,3
tuesday apr 9,HOU,NYY,6,3
wednesday apr 10,HOU,NYY,8,6
friday apr 12,SEA,HOU,6,10
saturday apr 13,SEA,HOU,1,3
sunday apr 14,SEA,HOU,2,3
tuesday apr 16,OAK,HOU,1,9
wednesday apr 17,OAK,HOU,2,1
friday apr 19,TEX,HOU,2,7
saturday apr 20,TEX,HOU,9,4
sunday apr 21,TEX,HOU,11,10
monday apr 22,HOU,MIN,5,9
tuesday apr 23,HOU,MIN,10,4
wednesday apr 24,HOU,MIN,7,1
thursday apr 25,HOU,CLE,1,2
friday apr 26,HOU,CLE,3,6
saturday apr 27,HOU,CLE,4,3
sunday apr 28,HOU,CLE,4,1
monday apr 29,MIN,HOU,1,0
tuesday apr 30,MIN,HOU,0,11
wednesday may 1,MIN,HOU,6,2
thursday may 2,MIN,HOU,8,2
monday may 6,HOU,KCR,6,4
tuesday may 7,HOU,KCR,2,12
wednesday may 8,HOU,KCR,9,0
thursday may 9,HOU,TEX,4,2
friday may 10,HOU,TEX,3,0
saturday may 11,HOU,TEX,11,4
sunday may 12,HOU,TEX,15,5
monday may 13,DET,HOU,1,8
tuesday may 14,DET,HOU,4,11
wednesday may 15,DET,HOU,1,5
friday may 17,BOS,HOU,1,3
saturday may 18,BOS,HOU,3,7
sunday may 19,BOS,HOU,4,3
monday may 20,HOU,CHW,3,0
tuesday may 21,HOU,CHW,5,1
wednesday may 22,HOU,CHW,4,9
thursday may 23,HOU,CHW,0,4
friday may 24,HOU,BOS,4,3
saturday may 25,HOU,BOS,4,3
sunday may 26,HOU,BOS,1,4
monday may 27,HOU,CHC,6,5
tuesday may 28,HOU,CHC,9,6
wednesday may 29,HOU,CHC,1,2
friday may 31,OAK,HOU,2,3
saturday jun 1,OAK,HOU,1,5
sunday jun 2,OAK,HOU,4,6
monday jun 3,SEA,HOU,2,4
tuesday jun 4,SEA,HOU,5,11
wednesday jun 5,SEA,HOU,14,1
thursday jun 6,SEA,HOU,7,8
friday jun 7,HOU,BAL,4,3
saturday jun 8,HOU,BAL,1,4
sunday jun 9,HOU,BAL,4,0
tuesday jun 11,HOU,MIL,10,8
wednesday jun 12,HOU,MIL,3,6
friday jun 14,HOU,TOR,15,2
saturday jun 15,HOU,TOR,7,2
sunday jun 16,HOU,TOR,0,12
monday jun 17,CIN,HOU,3,2
tuesday jun 18,CIN,HOU,4,3
wednesday jun 19,CIN,HOU,3,2
thursday jun 20,NYY,HOU,10,6
friday jun 21,NYY,HOU,4,1
saturday jun 22,NYY,HOU,7,5
sunday jun 23,NYY,HOU,4,9
tuesday jun 25,HOU,PIT,5,1
wednesday jun 26,HOU,PIT,2,14
thursday jun 27,HOU,PIT,0,10
friday jun 28,HOU,SEA,2,1
saturday jun 29,HOU,SEA,6,5
sunday jun 30,HOU,SEA,6,1
tuesday jul 2,COL,HOU,8,9
wednesday jul 3,COL,HOU,2,4
thursday jul 11,TEX,HOU,5,0
friday jul 12,TEX,HOU,9,8
saturday jul 13,TEX,HOU,6,7
sunday jul 14,TEX,HOU,4,12
friday jul 19,HOU,TEX,4,3
saturday jul 20,HOU,TEX,6,1
sunday jul 21,HOU,TEX,5,3
monday jul 22,HOU,OAK,11,1
tuesday jul 23,HOU,OAK,3,4
wednesday jul 24,HOU,OAK,4,2
friday jul 26,STL,HOU,5,3
saturday jul 27,STL,HOU,2,8
sunday jul 28,STL,HOU,2,6
tuesday jul 30,CLE,HOU,0,2
wednesday jul 31,CLE,HOU,10,4
thursday aug 1,CLE,HOU,1,7
friday aug 2,HOU,SEA,10,2
saturday aug 3,HOU,SEA,9,0
sunday aug 4,HOU,SEA,3,1
tuesday aug 6,HOU,COL,11,6
wednesday aug 7,HOU,COL,14,3
friday aug 9,BAL,HOU,2,3
saturday aug 10,BAL,HOU,2,23
sunday aug 11,BAL,HOU,8,7
tuesday aug 13 (1),CHW,HOU,2,6
tuesday aug 13 (2),CHW,HOU,4,1
wednesday aug 14,CHW,HOU,13,9
thursday aug 15,OAK,HOU,7,6
friday aug 16,OAK,HOU,3,2
saturday aug 17,OAK,HOU,8,4
sunday aug 18,OAK,HOU,1,4
monday aug 19,HOU,DET,5,4
tuesday aug 20,HOU,DET,6,3
wednesday aug 21,HOU,DET,1,2
thursday aug 22,HOU,DET,6,3
tuesday aug 27,HOU,TBR,15,1
wednesday aug 28,HOU,TBR,8,6
thursday aug 29,HOU,TBR,8,9
friday aug 30,TOR,HOU,4,7
saturday aug 31,TOR,HOU,6,4
sunday sep 1,TOR,HOU,0,2
monday sep 2,MIL,HOU,2,3
tuesday sep 3,MIL,HOU,4,2
thursday sep 5,HOU,SEA,11,9
friday sep 6,HOU,SEA,7,4
saturday sep 7,HOU,SEA,2,1
sunday sep 8,HOU,SEA,21,1
monday sep 9,HOU,OAK,15,0
tuesday sep 10,HOU,OAK,7,21
wednesday sep 11,HOU,OAK,3,5
thursday sep 12,HOU,OAK,2,3
friday sep 13,KCR,HOU,1,4
saturday sep 14,KCR,HOU,1,6
sunday sep 15,KCR,HOU,3,12
tuesday sep 17,HOU,TEX,4,1
wednesday sep 18,HOU,TEX,3,2
tuesday sep 24,SEA,HOU,0,3
wednesday sep 25,SEA,HOU,0,3
wednesday mar 20,OAK,SEA,7,9
thursday mar 21,OAK,SEA,4,5
monday apr 1,OAK,BOS,7,0
tuesday apr 2,OAK,BOS,1,0
wednesday apr 3,OAK,BOS,3,6
thursday apr 4,OAK,BOS,7,3
monday apr 8,BAL,OAK,12,4
tuesday apr 9,BAL,OAK,2,13
wednesday apr 10,BAL,OAK,3,10
thursday apr 11,BAL,OAK,5,8
friday apr 12,TEX,OAK,6,8
sunday apr 14,TEX,OAK,8,7
friday apr 19,OAK,TOR,1,5
saturday apr 20,OAK,TOR,1,10
sunday apr 21,OAK,TOR,4,5
monday apr 22,OAK,TEX,6,1
tuesday apr 23,OAK,TEX,11,5
wednesday apr 24,OAK,TEX,6,5
friday apr 26,TOR,OAK,4,2
saturday apr 27,TOR,OAK,7,1
sunday apr 28,TOR,OAK,5,4
monday apr 29,BOS,OAK,9,4
tuesday apr 30,BOS,OAK,5,1
wednesday may 1,BOS,OAK,7,3
friday may 3,PIT,OAK,1,14
saturday may 4,PIT,OAK,6,4
sunday may 5,PIT,OAK,5,3
tuesday may 7,OAK,CIN,2,0
wednesday may 8,OAK,CIN,5,4
thursday may 9,OAK,CIN,0,3
friday may 10,OAK,CLE,4,3
saturday may 11,OAK,CLE,3,2
sunday may 12,OAK,CLE,3,5
monday may 13,SEA,OAK,6,5
tuesday may 14,SEA,OAK,4,3
thursday may 16,DET,OAK,3,17
friday may 17,DET,OAK,2,7
saturday may 18,DET,OAK,1,4
sunday may 19,DET,OAK,3,7
monday may 20,CLE,OAK,4,6
tuesday may 21,CLE,OAK,3,5
wednesday may 22,CLE,OAK,2,7
friday may 24,OAK,SEA,6,2
saturday may 25,OAK,SEA,6,5
sunday may 26,OAK,SEA,7,1
friday jun 7,TEX,OAK,3,5
saturday jun 8 (1),TEX,OAK,10,5
saturday jun 8 (2),TEX,OAK,3,1
sunday jun 9,TEX,OAK,8,9
monday jun 10,TBR,OAK,6,2
tuesday jun 11,TBR,OAK,3,4
wednesday jun 12,TBR,OAK,2,6
friday jun 14,OAK,SEA,2,9
saturday jun 15,OAK,SEA,11,2
sunday jun 16,OAK,SEA,3,6
monday jun 17,OAK,BAL,3,2
tuesday jun 18,OAK,BAL,16,2
wednesday jun 19,OAK,BAL,8,3
thursday jun 20,OAK,TBR,5,4
friday jun 21,OAK,TBR,3,5
saturday jun 22,OAK,TBR,4,2
sunday jun 23,OAK,TBR,2,8
tuesday jun 25,STL,OAK,3,7
wednesday jun 26,STL,OAK,0,2
tuesday jul 2,OAK,MIN,8,6
wednesday jul 3,OAK,MIN,3,4
thursday jul 4,OAK,MIN,7,2
friday jul 5,SEA,OAK,2,5
saturday jul 6,SEA,OAK,6,3
sunday jul 7,SEA,OAK,4,7
friday jul 12,OAK,CHW,5,1
saturday jul 13,OAK,CHW,13,2
sunday jul 14,OAK,CHW,3,2
tuesday jul 16,OAK,SEA,9,2
wednesday jul 17,OAK,SEA,10,2
thursday jul 18,MIN,OAK,6,3
friday jul 19,MIN,OAK,3,5
saturday jul 20,MIN,OAK,4,5
sunday jul 21,MIN,OAK,7,6
thursday jul 25,OAK,TEX,3,11
friday jul 26,OAK,TEX,2,5
saturday jul 27,OAK,TEX,5,4
sunday jul 28,OAK,TEX,6,5
tuesday jul 30,OAK,MIL,3,2
wednesday jul 31,OAK,MIL,2,4
thursday aug 1,OAK,MIL,5,3
saturday aug 3,OAK,STL,8,3
sunday aug 4,OAK,STL,4,2
monday aug 5,CHC,OAK,6,5
tuesday aug 6,CHC,OAK,4,11
wednesday aug 7,CHC,OAK,10,1
friday aug 9,CHW,OAK,0,7
saturday aug 10,CHW,OAK,3,2
sunday aug 11,CHW,OAK,0,2
tuesday aug 13,SFG,OAK,3,2
wednesday aug 14,SFG,OAK,5,9
tuesday aug 20,OAK,NYY,6,2
wednesday aug 21,OAK,NYY,6,4
thursday aug 22,OAK,NYY,5,3
saturday aug 24,OAK,SFG,5,10
sunday aug 25,OAK,SFG,4,5
monday aug 26,KCR,OAK,4,19
tuesday aug 27,KCR,OAK,1,2
wednesday aug 28,KCR,OAK,6,4
thursday aug 29,KCR,OAK,8,9
friday aug 30,NYY,OAK,2,8
saturday aug 31,NYY,OAK,4,3
sunday sep 1,NYY,OAK,5,4
friday sep 6,OAK,DET,4,5
saturday sep 7,OAK,DET,10,2
sunday sep 8,OAK,DET,3,1
friday sep 13,TEX,OAK,9,14
saturday sep 14,TEX,OAK,6,8
sunday sep 15,TEX,OAK,1,6
monday sep 16,OAK,KCR,5,6
tuesday sep 17,OAK,KCR,2,1
wednesday sep 18,OAK,KCR,1,0
friday sep 20,OAK,TEX,8,0
saturday sep 21,OAK,TEX,12,3
sunday sep 22,OAK,TEX,3,8
thursday sep 26,SEA,OAK,1,3
friday sep 27,SEA,OAK,4,3
saturday sep 28,SEA,OAK,0,1
sunday sep 29,SEA,OAK,3,1
thursday mar 28,TOR,DET,0,2
friday mar 29,TOR,DET,6,0
saturday mar 30,TOR,DET,3,0
sunday mar 31,TOR,DET,3,4
monday apr 1,TOR,BAL,5,6
tuesday apr 2,TOR,BAL,1,2
wednesday apr 3,TOR,BAL,5,3
thursday apr 4,CLE,TOR,4,1
friday apr 5,CLE,TOR,3,2
saturday apr 6,CLE,TOR,7,2
sunday apr 7,CLE,TOR,3,1
tuesday apr 9,BOS,TOR,5,7
thursday apr 11,BOS,TOR,7,6
friday apr 12,TOR,TBR,7,11
saturday apr 13,TOR,TBR,3,1
sunday apr 14,TOR,TBR,4,8
monday apr 15,MIN,TOR,3,5
tuesday apr 16,MIN,TOR,5,6
wednesday apr 17,MIN,TOR,4,1
thursday apr 18,MIN,TOR,4,7
tuesday apr 23,TOR,SFG,6,7
wednesday apr 24,TOR,SFG,0,4
friday may 3,TEX,TOR,0,1
saturday may 4,TEX,TOR,8,5
sunday may 5,TEX,TOR,10,2
monday may 6,TOR,MIN,0,8
tuesday may 7,TOR,MIN,0,3
wednesday may 8,TOR,MIN,1,9
friday may 10,TOR,CHW,4,3
saturday may 11,TOR,CHW,2,7
sunday may 12,TOR,CHW,1,5
tuesday may 14,SFG,TOR,3,7
wednesday may 15,SFG,TOR,4,3
thursday may 16,CHW,TOR,4,2
friday may 17,CHW,TOR,2,10
saturday may 18,CHW,TOR,4,1
sunday may 19,CHW,TOR,2,5
monday may 20,TOR,BOS,2,12
tuesday may 21,TOR,BOS,10,3
wednesday may 22,TOR,BOS,5,6
thursday may 23,TOR,BOS,2,8
friday may 24,TOR,SDP,3,6
saturday may 25,TOR,SDP,4,19
sunday may 26,TOR,SDP,10,1
monday may 27,TBR,TOR,8,3
tuesday may 28,TBR,TOR,3,1
wednesday may 29,TBR,TOR,4,3
friday may 31,COL,TOR,13,6
saturday jun 1,COL,TOR,4,2
sunday jun 2,COL,TOR,5,1
tuesday jun 4,TOR,NYY,4,3
wednesday jun 5,TOR,NYY,11,7
thursday jun 6,TOR,NYY,2,6
friday jun 7,TOR,ARI,2,8
saturday jun 8,TOR,ARI,0,6
sunday jun 9,TOR,ARI,2,8
tuesday jun 11,BAL,TOR,4,2
wednesday jun 12,BAL,TOR,6,8
thursday jun 13,BAL,TOR,3,12
friday jun 21,BOS,TOR,7,5
saturday jun 22,BOS,TOR,7,8
sunday jun 23,BOS,TOR,1,6
monday jun 24,NYY,TOR,10,8
tuesday jun 25,NYY,TOR,4,3
wednesday jun 26,NYY,TOR,8,7
friday jun 28,TOR,KCR,6,2
saturday jun 29,TOR,KCR,7,5
sunday jun 30,TOR,KCR,6,7
monday jul 1,TOR,KCR,11,4
tuesday jul 2,TOR,BOS,6,10
wednesday jul 3,TOR,BOS,6,3
thursday jul 4,TOR,BOS,7,8
friday jul 5,TOR,BAL,1,4
saturday jul 6,TOR,BAL,1,8
sunday jul 7,TOR,BAL,6,1
friday jul 12,NYY,TOR,4,0
saturday jul 13,NYY,TOR,1,2
sunday jul 14,NYY,TOR,4,2
monday jul 15,BOS,TOR,10,8
tuesday jul 16,BOS,TOR,4,10
wednesday jul 17,BOS,TOR,5,4
thursday jul 18,BOS,TOR,5,0
friday jul 19,DET,TOR,1,12
saturday jul 20,DET,TOR,5,7
sunday jul 21,DET,TOR,4,3
monday jul 22,TOR,CLE,3,7
tuesday jul 23,TOR,CLE,2,1
wednesday jul 24,TOR,CLE,0,4
friday jul 26,TOR,TBR,1,3
saturday jul 27,TOR,TBR,10,9
sunday jul 28,TOR,TBR,9,10
monday jul 29,KCR,TOR,3,7
tuesday jul 30,KCR,TOR,2,9
wednesday jul 31,KCR,TOR,1,4
thursday aug 1,BAL,TOR,2,11
friday aug 2,BAL,TOR,2,5
saturday aug 3,BAL,TOR,6,4
sunday aug 4,BAL,TOR,6,5
monday aug 5,TBR,TOR,0,2
tuesday aug 6,TBR,TOR,7,6
wednesday aug 7,TBR,TOR,3,4
thursday aug 8,TOR,NYY,6,12
friday aug 9,TOR,NYY,8,2
saturday aug 10,TOR,NYY,5,4
sunday aug 11,TOR,NYY,0,1
monday aug 12,TOR,TEX,19,4
tuesday aug 13,TOR,TEX,3,0
wednesday aug 14,TOR,TEX,3,7
friday aug 16,TOR,SEA,7,3
saturday aug 17,TOR,SEA,3,4
sunday aug 18,TOR,SEA,0,7
tuesday aug 20,LAD,TOR,16,3
wednesday aug 21,LAD,TOR,2,1
thursday aug 22,LAD,TOR,3,2
friday aug 23,SEA,TOR,7,4
saturday aug 24,SEA,TOR,5,7
sunday aug 25,SEA,TOR,3,1
tuesday aug 27,TOR,ATL,3,1
wednesday aug 28,TOR,ATL,4,9
monday sep 2,ATL,TOR,6,3
tuesday sep 3,ATL,TOR,7,2
thursday sep 5,TBR,TOR,6,4
friday sep 6,TBR,TOR,5,0
saturday sep 7,TBR,TOR,5,3
sunday sep 8,TBR,TOR,8,3
tuesday sep 10,TOR,BOS,4,3
wednesday sep 11,TOR,BOS,8,0
thursday sep 12,TOR,BOS,4,7
friday sep 13,TOR,NYY,6,5
saturday sep 14,TOR,NYY,3,13
sunday sep 15,TOR,NYY,6,4
tuesday sep 17,BAL,TOR,5,8
wednesday sep 18,BAL,TOR,10,11
thursday sep 19,BAL,TOR,4,8
friday sep 20,NYY,TOR,3,4
saturday sep 21,NYY,TOR,7,2
sunday sep 22,NYY,TOR,8,3
monday sep 23,TOR,BAL,11,10
tuesday sep 24,TOR,BAL,4,11
wednesday sep 25,TOR,BAL,3,2
friday sep 27,TOR,TBR,2,6
saturday sep 28,TOR,TBR,4,1
sunday sep 29,TOR,TBR,8,3
thursday mar 28,PHI,ATL,10,4
saturday mar 30,PHI,ATL,8,6
sunday mar 31,PHI,ATL,5,1
monday apr 1,ATL,CHC,8,0
wednesday apr 3,ATL,CHC,6,4
thursday apr 4,ATL,CHC,9,4
friday apr 5,ATL,MIA,4,0
saturday apr 6,ATL,MIA,2,4
sunday apr 7,ATL,MIA,4,3
monday apr 8,COL,ATL,6,8
tuesday apr 9,COL,ATL,1,7
thursday apr 11,ATL,NYM,3,6
friday apr 12,ATL,NYM,2,6
saturday apr 13,ATL,NYM,11,7
sunday apr 14,ATL,NYM,7,3
tuesday apr 16,ATL,ARI,6,9
wednesday apr 17,ATL,ARI,2,3
thursday apr 18,ATL,ARI,1,4
saturday apr 20 (1),CLE,ATL,8,4
saturday apr 20 (2),CLE,ATL,7,8
sunday apr 21,CLE,ATL,5,11
tuesday apr 23,CIN,ATL,7,6
wednesday apr 24,CIN,ATL,1,3
thursday apr 25,CIN,ATL,4,2
friday apr 26,ATL,COL,4,8
saturday apr 27,ATL,COL,5,9
sunday apr 28,ATL,COL,8,7
monday apr 29,ATL,SDP,3,1
tuesday apr 30,ATL,SDP,3,4
wednesday may 1,ATL,SDP,5,1
thursday may 2,ATL,SDP,2,11
friday may 3,MIA,ATL,2,7
saturday may 4,MIA,ATL,2,9
sunday may 5,MIA,ATL,1,3
monday may 6,LAD,ATL,5,3
tuesday may 7,LAD,ATL,9,0
wednesday may 8,LAD,ATL,9,4
thursday may 9,ARI,ATL,3,2
friday may 10,ARI,ATL,1,2
saturday may 11,ARI,ATL,4,6
sunday may 12,ARI,ATL,3,5
tuesday may 14,ATL,STL,3,14
wednesday may 15,ATL,STL,4,0
thursday may 16,ATL,STL,10,2
friday may 17,ATL,MIL,12,8
saturday may 18,ATL,MIL,4,3
sunday may 19,ATL,MIL,2,3
monday may 20,SFG,ATL,1,4
tuesday may 21,SFG,ATL,4,3
wednesday may 22,SFG,ATL,2,9
thursday may 23,SFG,ATL,4,5
friday may 24,STL,ATL,2,5
saturday may 25,STL,ATL,6,3
sunday may 26,STL,ATL,3,4
tuesday may 28,ATL,WSN,4,5
wednesday may 29,ATL,WSN,4,14
friday may 31,ATL,DET,2,8
saturday jun 1,ATL,DET,10,5
sunday jun 2,ATL,DET,7,4
tuesday jun 4,PIT,ATL,5,12
wednesday jun 5,PIT,ATL,7,4
thursday jun 6,PIT,ATL,6,1
friday jun 7,MIA,ATL,1,7
saturday jun 8,MIA,ATL,0,1
sunday jun 9,MIA,ATL,6,7
monday jun 10,ATL,PIT,13,7
tuesday jun 11,ATL,PIT,7,5
wednesday jun 12,ATL,PIT,8,7
thursday jun 13,ATL,PIT,6,5
friday jun 14,ATL,PHI,9,8
saturday jun 15,ATL,PHI,5,6
sunday jun 16,ATL,PHI,15,1
monday jun 17,ATL,NYM,12,3
tuesday jun 18,ATL,NYM,2,10
wednesday jun 19,ATL,NYM,7,2
friday jun 21,WSN,ATL,4,3
saturday jun 22,WSN,ATL,9,13
sunday jun 23,WSN,ATL,3,4
monday jun 24,CHC,ATL,8,3
tuesday jun 25,CHC,ATL,2,3
wednesday jun 26,CHC,ATL,3,5
thursday jun 27,CHC,ATL,9,7
friday jun 28,NYM,ATL,2,6
saturday jun 29,NYM,ATL,4,5
sunday jun 30,NYM,ATL,8,5
tuesday jul 2,ATL,PHI,0,2
wednesday jul 3,ATL,PHI,9,2
thursday jul 4,ATL,PHI,12,6
friday jul 5,ATL,MIA,1,0
saturday jul 6,ATL,MIA,4,5
sunday jul 7,ATL,MIA,4,3
friday jul 12,SDP,ATL,3,5
saturday jul 13,SDP,ATL,5,7
sunday jul 14,SDP,ATL,1,4
monday jul 15,MIL,ATL,2,4
tuesday jul 16,MIL,ATL,13,1
wednesday jul 17,MIL,ATL,5,4
thursday jul 18,ATL,WSN,4,13
friday jul 19,ATL,WSN,4,3
saturday jul 20,ATL,WSN,3,5
sunday jul 21,ATL,WSN,7,1
tuesday jul 23,ATL,KCR,4,5
wednesday jul 24,ATL,KCR,0,2
friday jul 26,PHI,ATL,2,9
saturday jul 27,PHI,ATL,7,15
sunday jul 28,PHI,ATL,9,4
monday jul 29,WSN,ATL,6,3
tuesday jul 30,WSN,ATL,8,11
wednesday jul 31,WSN,ATL,4,5
thursday aug 1,ATL,CIN,4,1
friday aug 2,ATL,CIN,2,5
saturday aug 3,ATL,CIN,5,4
sunday aug 4,ATL,CIN,4,6
monday aug 5,MIN,ATL,5,3
tuesday aug 6,MIN,ATL,7,12
wednesday aug 7,MIN,ATL,7,11
thursday aug 8,MIA,ATL,9,2
friday aug 9,MIA,ATL,4,8
saturday aug 10,MIA,ATL,7,6
sunday aug 11,MIA,ATL,4,5
tuesday aug 13,ATL,NYM,5,3
wednesday aug 14,ATL,NYM,6,4
thursday aug 15,ATL,NYM,8,10
friday aug 16,ATL,LAD,3,8
saturday aug 17,ATL,LAD,4,3
sunday aug 18,ATL,LAD,5,3
tuesday aug 20,ATL,MIA,5,1
wednesday aug 21,ATL,MIA,5,0
thursday aug 22,ATL,MIA,3,2
friday aug 23,NYM,ATL,1,2
saturday aug 24,NYM,ATL,5,9
sunday aug 25,NYM,ATL,1,2
monday aug 26,COL,ATL,3,1
friday aug 30,ATL,CHW,10,7
saturday aug 31,ATL,CHW,11,5
sunday sep 1,ATL,CHW,5,3
thursday sep 5,ATL,WSN,4,2
friday sep 6,ATL,WSN,4,3
saturday sep 7,ATL,WSN,5,4
sunday sep 8,ATL,WSN,4,9
monday sep 9,PHI,ATL,2,7
tuesday sep 10,PHI,ATL,6,5
wednesday sep 11,PHI,ATL,1,3
thursday sep 12,PHI,ATL,9,5
friday sep 13,WSN,ATL,0,5
saturday sep 14,WSN,ATL,1,10
sunday sep 15,WSN,ATL,7,0
tuesday sep 17,ATL,PHI,4,5
wednesday sep 18,ATL,PHI,1,4
thursday sep 19,ATL,PHI,5,4
friday sep 20,ATL,SFG,6,0
saturday sep 21,ATL,SFG,8,1
sunday sep 22,ATL,SFG,1,4
tuesday sep 24,KCR,ATL,9,6
wednesday sep 25,KCR,ATL,2,10
friday sep 27,NYM,ATL,4,2
saturday sep 28,NYM,ATL,3,0
sunday sep 29,NYM,ATL,7,6
thursday mar 28,MIL,STL,5,4
friday mar 29,MIL,STL,5,9
saturday mar 30,MIL,STL,4,2
sunday mar 31,MIL,STL,5,4
monday apr 1,CIN,MIL,3,4
tuesday apr 2,CIN,MIL,3,4
wednesday apr 3,CIN,MIL,0,1
friday apr 5,MIL,CHC,13,10
saturday apr 6,MIL,CHC,8,14
sunday apr 7,MIL,CHC,4,2
friday apr 12,LAD,MIL,5,8
saturday apr 13,LAD,MIL,1,4
sunday apr 14,LAD,MIL,7,1
monday apr 15,MIL,STL,10,7
tuesday apr 16,MIL,STL,8,4
wednesday apr 17,MIL,STL,3,6
thursday apr 18,MIL,LAD,1,3
friday apr 19,MIL,LAD,3,5
saturday apr 20,MIL,LAD,5,0
sunday apr 21,MIL,LAD,5,6
monday apr 22,STL,MIL,13,5
tuesday apr 23,STL,MIL,4,3
wednesday apr 24,STL,MIL,5,2
friday apr 26,NYM,MIL,2,10
saturday apr 27,NYM,MIL,6,8
sunday apr 28,NYM,MIL,5,2
monday apr 29,MIL,COL,5,1
tuesday apr 30,MIL,COL,4,3
wednesday may 1,MIL,COL,4,11
thursday may 2,MIL,COL,6,11
friday may 3,MIL,NYM,3,1
saturday may 4,MIL,NYM,4,3
sunday may 5,MIL,NYM,3,2
monday may 6,MIL,WSN,5,3
tuesday may 7,MIL,WSN,6,0
wednesday may 8,MIL,WSN,7,3
friday may 10,CHC,MIL,0,7
saturday may 11,CHC,MIL,2,1
sunday may 12,CHC,MIL,4,1
monday may 13,PHI,MIL,7,4
tuesday may 14,PHI,MIL,1,6
wednesday may 15,PHI,MIL,2,5
thursday may 16,PHI,MIL,3,11
tuesday may 21,MIL,CIN,0,3
wednesday may 22,MIL,CIN,11,9
friday may 24,MIL,PHI,4,6
saturday may 25,MIL,PHI,2,7
sunday may 26,MIL,PHI,9,1
monday may 27,MIN,MIL,4,5
tuesday may 28,MIN,MIL,5,3
thursday may 30,PIT,MIL,5,11
friday may 31,PIT,MIL,9,4
saturday jun 1,PIT,MIL,10,12
sunday jun 2,PIT,MIL,2,4
tuesday jun 4,MIL,MIA,0,16
wednesday jun 5,MIL,MIA,3,8
thursday jun 6,MIL,MIA,5,1
friday jun 7,MIL,PIT,10,4
saturday jun 8,MIL,PIT,5,3
sunday jun 9,MIL,PIT,5,2
friday jun 14,SFG,MIL,5,3
saturday jun 15,SFG,MIL,8,7
sunday jun 16,SFG,MIL,3,5
monday jun 17,SDP,MIL,2,0
tuesday jun 18,SDP,MIL,4,1
wednesday jun 19,SDP,MIL,8,7
thursday jun 20,MIL,CIN,1,7
friday jun 21,MIL,CIN,7,11
saturday jun 22,MIL,CIN,6,5
sunday jun 23,MIL,CIN,7,5
tuesday jun 25,MIL,SEA,3,8
wednesday jun 26,MIL,SEA,2,4
thursday jun 27,MIL,SEA,4,2
friday jun 28,MIL,PIT,2,3
saturday jun 29,MIL,PIT,3,1
sunday jun 30,MIL,PIT,2,1
monday jul 1,CIN,MIL,6,8
tuesday jul 2,CIN,MIL,5,4
wednesday jul 3,CIN,MIL,3,0
thursday jul 4,CIN,MIL,1,0
friday jul 5,PIT,MIL,6,7
saturday jul 6,PIT,MIL,12,2
sunday jul 7,PIT,MIL,6,5
friday jul 12,MIL,SFG,7,10
saturday jul 13,MIL,SFG,5,4
sunday jul 14,MIL,SFG,3,8
thursday jul 18,ARI,MIL,1,5
friday jul 19,ARI,MIL,10,7
saturday jul 20,ARI,MIL,3,8
sunday jul 21,ARI,MIL,4,7
monday jul 22,MIL,CIN,5,6
tuesday jul 23,MIL,CIN,6,14
wednesday jul 24,MIL,CIN,5,4
friday jul 26,MIL,CHC,3,2
saturday jul 27,MIL,CHC,5,3
sunday jul 28,MIL,CHC,4,11
friday aug 2,CHC,MIL,6,2
saturday aug 3,CHC,MIL,4,1
sunday aug 4,CHC,MIL,7,2
monday aug 5,PIT,MIL,7,9
tuesday aug 6,PIT,MIL,3,4
wednesday aug 7,PIT,MIL,3,8
friday aug 9,MIL,TEX,6,5
saturday aug 10,MIL,TEX,3,2
sunday aug 11,MIL,TEX,0,1
tuesday aug 13,MIL,MIN,5,7
wednesday aug 14,MIL,MIN,6,5
friday aug 16,WSN,MIL,2,1
saturday aug 17,WSN,MIL,14,15
sunday aug 18,WSN,MIL,16,8
monday aug 19,STL,MIL,3,0
tuesday aug 20,STL,MIL,9,4
wednesday aug 21,STL,MIL,3,5
friday aug 23,MIL,ARI,6,1
saturday aug 24,MIL,ARI,4,0
sunday aug 25,MIL,ARI,2,5
monday aug 26,MIL,STL,2,12
tuesday aug 27,MIL,STL,3,6
wednesday aug 28,MIL,STL,4,1
friday aug 30,CHC,MIL,7,1
saturday aug 31,CHC,MIL,0,2
sunday sep 1,CHC,MIL,0,4
thursday sep 5,MIL,CHC,5,10
friday sep 6,MIL,CHC,7,1
saturday sep 7,MIL,CHC,3,2
sunday sep 8,MIL,CHC,8,5
monday sep 9,MIA,MIL,3,8
tuesday sep 10,MIA,MIL,3,4
wednesday sep 11,MIA,MIL,5,7
thursday sep 12,MIA,MIL,2,3
friday sep 13,STL,MIL,10,0
saturday sep 14,STL,MIL,2,5
sunday sep 15,STL,MIL,6,7
monday sep 16,MIL,SDP,5,1
tuesday sep 17,MIL,SDP,3,1
wednesday sep 18,MIL,SDP,1,2
thursday sep 19,MIL,SDP,5,1
friday sep 20,MIL,PIT,10,1
saturday sep 21,MIL,PIT,10,1
sunday sep 22,MIL,PIT,4,3
tuesday sep 24,CIN,MIL,2,4
wednesday sep 25,CIN,MIL,2,9
thursday sep 26,CIN,MIL,3,5
friday sep 27,COL,MIL,11,7
saturday sep 28,COL,MIL,3,2
sunday sep 29,COL,MIL,4,3
monday apr 1,PIT,STL,5,6
wednesday apr 3,PIT,STL,4,5
friday apr 5,STL,SDP,3,5
saturday apr 6,STL,SDP,4,6
sunday apr 7,STL,SDP,4,1
monday apr 8,STL,LAD,4,3
tuesday apr 9,STL,LAD,4,0
wednesday apr 10,STL,LAD,7,2
thursday apr 11,STL,LAD,11,7
saturday apr 13,CIN,STL,5,2
sunday apr 14,CIN,STL,5,9
friday apr 19,STL,NYM,4,5
saturday apr 20,STL,NYM,10,2
sunday apr 21,STL,NYM,6,4
friday apr 26,STL,CIN,1,12
saturday apr 27,STL,CIN,6,3
sunday apr 28,STL,CIN,5,2
monday apr 29,WSN,STL,3,6
tuesday apr 30,WSN,STL,2,3
wednesday may 1,WSN,STL,1,5
thursday may 2,WSN,STL,2,1
friday may 3,CHC,STL,4,0
saturday may 4,CHC,STL,6,5
sunday may 5,CHC,STL,13,5
monday may 6,STL,PHI,6,0
tuesday may 7,STL,PHI,1,11
wednesday may 8,STL,PHI,0,5
thursday may 9,STL,PIT,17,4
friday may 10,STL,PIT,1,2
saturday may 11,STL,PIT,1,2
sunday may 12,STL,PIT,6,10
friday may 17,TEX,STL,7,3
saturday may 18,TEX,STL,2,8
sunday may 19,TEX,STL,5,4
wednesday may 22 (1),STL,KCR,2,8
wednesday may 22 (2),STL,KCR,10,3
tuesday may 28,PHI,STL,4,3
wednesday may 29,PHI,STL,11,4
thursday may 30,PHI,STL,3,5
friday may 31,STL,CHC,2,1
saturday jun 1,STL,CHC,7,4
sunday jun 2,STL,CHC,2,1
tuesday jun 4,STL,CIN,1,4
thursday jun 6,STL,CIN,3,1
friday jun 7,CHC,STL,3,1
saturday jun 8,CHC,STL,9,4
sunday jun 9,CHC,STL,5,1
monday jun 10,MIA,STL,1,4
tuesday jun 11,MIA,STL,1,7
wednesday jun 12,MIA,STL,9,0
thursday jun 13,NYM,STL,4,5
friday jun 14,NYM,STL,5,9
saturday jun 15,NYM,STL,8,7
sunday jun 16,NYM,STL,3,4
monday jun 17,STL,MIA,5,0
tuesday jun 18,STL,MIA,0,6
wednesday jun 19,STL,MIA,2,1
thursday jun 20,STL,MIA,6,7
friday jun 28,SDP,STL,3,1
saturday jun 29,SDP,STL,12,2
sunday jun 30,SDP,STL,3,5
tuesday jul 2,SEA,STL,5,4
wednesday jul 3,SEA,STL,2,5
thursday jul 4,SEA,STL,4,5
friday jul 5,SFG,STL,4,9
saturday jul 6,SFG,STL,8,4
sunday jul 7,SFG,STL,1,0
friday jul 12,STL,ARI,2,4
saturday jul 13,STL,ARI,4,2
sunday jul 14,STL,ARI,5,2
monday jul 15,STL,PIT,7,0
tuesday jul 16,STL,PIT,1,3
wednesday jul 17,STL,PIT,6,5
thursday jul 18,CIN,STL,4,7
friday jul 19,CIN,STL,11,12
saturday jul 20,CIN,STL,3,2
sunday jul 21,CIN,STL,1,3
monday jul 22,PIT,STL,5,6
tuesday jul 23,PIT,STL,3,4
wednesday jul 24,PIT,STL,8,14
thursday jul 25,PIT,STL,3,6
tuesday jul 30,STL,CHC,2,1
wednesday jul 31,STL,CHC,0,2
thursday aug 1,STL,CHC,8,0
monday aug 5,LAD,STL,8,0
tuesday aug 6,LAD,STL,3,1
wednesday aug 7,LAD,STL,2,1
friday aug 9,STL,PIT,6,2
saturday aug 10,STL,PIT,3,1
sunday aug 11,STL,PIT,11,9
tuesday aug 13,KCR,STL,0,2
wednesday aug 14,KCR,STL,0,6
thursday aug 15,CIN,STL,2,1
friday aug 16,CIN,STL,4,13
saturday aug 17,CIN,STL,6,1
sunday aug 18,CIN,STL,4,5
thursday aug 22,STL,COL,6,5
friday aug 23,STL,COL,8,3
saturday aug 24,STL,COL,6,0
sunday aug 25,STL,COL,11,4
saturday aug 31 (1),STL,CIN,10,6
saturday aug 31 (2),STL,CIN,3,2
sunday sep 1 (1),STL,CIN,4,3
sunday sep 1 (2),STL,CIN,3,5
monday sep 2,STL,SFG,3,1
tuesday sep 3,STL,SFG,1,0
wednesday sep 4,STL,SFG,8,9
thursday sep 5,STL,SFG,10,0
friday sep 6,PIT,STL,9,4
saturday sep 7,PIT,STL,1,10
sunday sep 8,PIT,STL,0,2
tuesday sep 10,COL,STL,2,1
wednesday sep 11,COL,STL,2,1
thursday sep 12,COL,STL,3,10
monday sep 16,STL,WSN,4,2
tuesday sep 17,STL,WSN,2,6
wednesday sep 18,STL,WSN,5,1
thursday sep 19,CHC,STL,4,5
friday sep 20,CHC,STL,1,2
saturday sep 21,CHC,STL,8,9
sunday sep 22,CHC,STL,2,3
monday sep 23,ARI,STL,7,9
tuesday sep 24,ARI,STL,3,2
wednesday sep 25,ARI,STL,9,7
friday sep 27,STL,CHC,2,8
saturday sep 28,STL,CHC,6,8
sunday sep 29,STL,CHC,9,0
thursday mar 28,TEX,CHC,4,12
saturday mar 30,TEX,CHC,8,6
sunday mar 31,TEX,CHC,11,10
monday apr 8,CHC,PIT,10,0
wednesday apr 10,CHC,PIT,2,5
thursday apr 11,CHC,PIT,2,0
monday apr 15,MIA,CHC,2,7
tuesday apr 16,MIA,CHC,0,4
wednesday apr 17,MIA,CHC,0,6
friday apr 19,CHC,ARI,5,1
saturday apr 20,CHC,ARI,0,6
sunday apr 21,CHC,ARI,2,1
tuesday apr 23,CHC,LAD,7,2
wednesday apr 24,CHC,LAD,7,6
thursday apr 25,CHC,LAD,1,2
friday apr 26,ARI,CHC,8,3
saturday apr 27,ARI,CHC,1,9
sunday apr 28,ARI,CHC,5,6
tuesday apr 30,SEA,CHC,5,6
wednesday may 1,SEA,CHC,0,11
monday may 6,CHC,MIA,5,6
tuesday may 7,CHC,MIA,5,2
wednesday may 8,CHC,MIA,3,2
thursday may 9,CHC,MIA,4,1
tuesday may 14,CIN,CHC,1,3
wednesday may 15,CIN,CHC,6,5
thursday may 16,CIN,CHC,4,2
friday may 17,WSN,CHC,6,14
saturday may 18,WSN,CHC,5,2
sunday may 19,WSN,CHC,5,6
monday may 20,CHC,PHI,4,5
tuesday may 21,CHC,PHI,3,2
wednesday may 22,CHC,PHI,8,4
thursday may 23,CHC,PHI,7,9
friday may 24,CHC,CIN,5,6
saturday may 25,CHC,CIN,8,6
sunday may 26,CHC,CIN,2,10
tuesday jun 4,CHC,COL,6,3
wednesday jun 5,CHC,COL,9,8
thursday jun 6,CHC,COL,1,3
monday jun 10,COL,CHC,6,5
tuesday jun 11,COL,CHC,10,3
wednesday jun 12,COL,CHC,1,10
thursday jun 13,LAD,CHC,7,3
friday jun 14,LAD,CHC,5,3
saturday jun 15,LAD,CHC,1,2
sunday jun 16,LAD,CHC,3,2
tuesday jun 18,CHC,CHW,1,3
wednesday jun 19,CHC,CHW,7,3
thursday jun 20,CHC,NYM,7,4
friday jun 21,CHC,NYM,4,5
saturday jun 22,CHC,NYM,2,10
sunday jun 23,CHC,NYM,5,3
friday jun 28,CIN,CHC,6,3
saturday jun 29,CIN,CHC,0,6
sunday jun 30,CIN,CHC,8,6
monday jul 1,PIT,CHC,18,5
tuesday jul 2,PIT,CHC,5,1
wednesday jul 3,PIT,CHC,6,5
thursday jul 4,PIT,CHC,3,11
saturday jul 6,CHW,CHC,3,6
sunday jul 7,CHW,CHC,3,1
friday jul 12,CHC,PIT,4,3
saturday jul 13,CHC,PIT,10,4
sunday jul 14,CHC,PIT,8,3
monday jul 15,CHC,CIN,3,6
tuesday jul 16,CHC,CIN,4,3
wednesday jul 17,CHC,CIN,5,2
friday jul 19,CHC,SDP,6,5
saturday jul 20,CHC,SDP,6,5
sunday jul 21,CHC,SDP,1,5
monday jul 22,SFG,CHC,5,4
tuesday jul 23,SFG,CHC,5,4
wednesday jul 24,SFG,CHC,1,4
thursday aug 8,CIN,CHC,5,12
friday aug 9,CIN,CHC,5,2
saturday aug 10,CIN,CHC,10,1
sunday aug 11,CIN,CHC,3,6
tuesday aug 13,PHI,CHC,4,2
wednesday aug 14,PHI,CHC,11,1
thursday aug 15,PHI,CHC,7,5
friday aug 16,PIT,CHC,3,2
saturday aug 17,PIT,CHC,0,2
sunday aug 18,PIT,CHC,1,7
tuesday aug 20,CHC,SFG,5,3
wednesday aug 21,CHC,SFG,12,11
thursday aug 22,CHC,SFG,1,0
friday aug 23,CHC,WSN,3,9
saturday aug 24,CHC,WSN,2,7
sunday aug 25,CHC,WSN,5,7
tuesday aug 27,NYM,CHC,2,5
wednesday aug 28,NYM,CHC,7,10
thursday aug 29,NYM,CHC,1,4
monday sep 2,CHC,SEA,5,1
tuesday sep 3,CHC,SEA,6,1
monday sep 9,SDP,CHC,2,10
tuesday sep 10,SDP,CHC,9,8
wednesday sep 11,SDP,CHC,4,0
thursday sep 12,SDP,CHC,1,4
friday sep 13,CHC,PIT,17,8
saturday sep 14,CHC,PIT,14,1
sunday sep 15,CHC,PIT,16,6
monday sep 16,CHC,CIN,8,2
tuesday sep 17,CHC,CIN,2,4
wednesday sep 18,CHC,CIN,2,3
tuesday sep 24,PIT,CHC,9,2
wednesday sep 25,PIT,CHC,4,2
thursday sep 26,PIT,CHC,9,5
thursday mar 28,LAD,ARI,12,5
friday mar 29,LAD,ARI,4,5
saturday mar 30,LAD,ARI,18,5
sunday mar 31,LAD,ARI,8,7
monday apr 1,SDP,ARI,3,10
tuesday apr 2,SDP,ARI,5,8
wednesday apr 3,SDP,ARI,4,1
friday apr 5,ARI,BOS,15,8
saturday apr 6,ARI,BOS,5,4
sunday apr 7,ARI,BOS,0,1
tuesday apr 9,ARI,TEX,5,4
wednesday apr 10,ARI,TEX,2,5
thursday apr 11,ARI,SDP,6,7
friday apr 12,ARI,SDP,1,2
saturday apr 13,ARI,SDP,4,5
sunday apr 14,ARI,SDP,8,4
monday apr 22,PIT,ARI,4,12
tuesday apr 23,PIT,ARI,1,2
wednesday apr 24,PIT,ARI,2,11
thursday apr 25,PIT,ARI,0,5
tuesday apr 30,ARI,NYY,3,1
wednesday may 1,ARI,NYY,3,2
friday may 3,COL,ARI,9,10
saturday may 4,COL,ARI,2,9
sunday may 5,COL,ARI,8,7
monday may 6,TBR,ARI,12,1
tuesday may 7,TBR,ARI,6,3
wednesday may 8,TBR,ARI,2,3
monday may 13,ARI,PIT,9,3
tuesday may 14,ARI,PIT,2,6
wednesday may 15,ARI,PIT,11,1
friday may 17,ARI,SFG,7,0
saturday may 18,ARI,SFG,5,8
sunday may 19,ARI,SFG,2,3
monday may 20,SDP,ARI,2,1
tuesday may 21,SDP,ARI,3,2
wednesday may 22,SDP,ARI,5,2
friday may 24,SFG,ARI,2,18
saturday may 25,SFG,ARI,4,10
sunday may 26,SFG,ARI,2,6
monday may 27,COL,ARI,4,3
tuesday may 28,COL,ARI,6,2
wednesday may 29,COL,ARI,5,4
thursday may 30,COL,ARI,11,10
friday may 31,ARI,NYM,4,5
saturday jun 1,ARI,NYM,6,5
sunday jun 2,ARI,NYM,7,1
monday jun 3,ARI,LAD,1,3
tuesday jun 4,ARI,LAD,0,9
wednesday jun 5,ARI,LAD,3,2
monday jun 10,PHI,ARI,8,13
tuesday jun 11,PHI,ARI,7,4
wednesday jun 12,PHI,ARI,0,2
thursday jun 13,WSN,ARI,0,5
friday jun 14,WSN,ARI,7,3
saturday jun 15,WSN,ARI,3,10
sunday jun 16,WSN,ARI,15,5
tuesday jun 18,ARI,COL,1,8
wednesday jun 19,ARI,COL,4,6
thursday jun 20,ARI,COL,4,6
friday jun 21,ARI,SFG,5,11
saturday jun 22,ARI,SFG,4,7
sunday jun 23,ARI,SFG,3,2
monday jun 24,ARI,LAD,8,5
tuesday jun 25,ARI,LAD,2,3
wednesday jun 26,ARI,LAD,8,2
thursday jun 27,SFG,ARI,1,5
friday jun 28,SFG,ARI,6,3
saturday jun 29,SFG,ARI,3,4
sunday jun 30,SFG,ARI,10,4
tuesday jul 2,LAD,ARI,5,4
wednesday jul 3,LAD,ARI,5,4
friday jul 5,ARI,COL,8,0
saturday jul 6,ARI,COL,4,2
sunday jul 7,ARI,COL,5,3
tuesday jul 16,TEX,ARI,2,9
wednesday jul 17,TEX,ARI,4,19
monday jul 22,ARI,BAL,6,3
tuesday jul 23,ARI,BAL,2,7
wednesday jul 24,ARI,BAL,5,2
friday jul 26,MIA,ARI,3,2
saturday jul 27,MIA,ARI,2,9
sunday jul 28,MIA,ARI,5,1
monday jul 29,MIA,ARI,11,6
tuesday jul 30,NYY,ARI,2,4
wednesday jul 31,NYY,ARI,7,5
friday aug 2,ARI,WSN,0,3
saturday aug 3,ARI,WSN,18,7
sunday aug 4,ARI,WSN,7,5
monday aug 5,ARI,PHI,3,7
tuesday aug 6,ARI,PHI,8,4
wednesday aug 7,ARI,PHI,6,1
friday aug 9,LAD,ARI,2,3
saturday aug 10,LAD,ARI,4,0
sunday aug 11,LAD,ARI,9,3
monday aug 12,COL,ARI,6,8
tuesday aug 13,COL,ARI,3,9
wednesday aug 14,COL,ARI,7,6
thursday aug 15,ARI,SFG,0,7
friday aug 16,ARI,SFG,9,10
saturday aug 17,ARI,SFG,6,11
sunday aug 18,ARI,SFG,6,1
monday aug 19,ARI,COL,5,3
tuesday aug 20,ARI,COL,8,7
wednesday aug 21,ARI,COL,2,7
monday aug 26,SFG,ARI,4,6
tuesday aug 27,SFG,ARI,2,3
thursday aug 29,ARI,LAD,11,5
friday aug 30,ARI,LAD,5,4
saturday aug 31,ARI,LAD,6,5
sunday sep 1,ARI,LAD,3,4
monday sep 2,ARI,SDP,14,7
tuesday sep 3,ARI,SDP,2,1
wednesday sep 4,ARI,SDP,4,1
friday sep 6,CIN,ARI,5,7
saturday sep 7,CIN,ARI,0,2
sunday sep 8,CIN,ARI,4,3
monday sep 9,NYM,ARI,3,1
tuesday sep 10,NYM,ARI,3,2
wednesday sep 11,NYM,ARI,9,0
thursday sep 12,NYM,ARI,11,1
friday sep 13,ARI,CIN,3,4
saturday sep 14,ARI,CIN,1,0
sunday sep 15,ARI,CIN,1,3
monday sep 16,ARI,MIA,7,5
tuesday sep 17,ARI,MIA,6,12
wednesday sep 18,ARI,MIA,5,4
friday sep 20,SDP,ARI,0,9
saturday sep 21,SDP,ARI,2,4
sunday sep 22,SDP,ARI,6,4
friday sep 27,ARI,SDP,6,3
saturday sep 28,ARI,SDP,6,5
sunday sep 29,ARI,SDP,1,0
monday apr 1,LAD,SFG,2,4
tuesday apr 2,LAD,SFG,6,5
wednesday apr 3,LAD,SFG,5,3
friday apr 5,COL,LAD,6,10
saturday apr 6,COL,LAD,2,7
sunday apr 7,COL,LAD,6,12
monday apr 15,LAD,CIN,4,3
tuesday apr 16,LAD,CIN,6,1
wednesday apr 17,LAD,CIN,3,2
friday apr 26,LAD,PIT,6,2
saturday apr 27,LAD,PIT,3,1
sunday apr 28,LAD,PIT,7,6
monday apr 29,SFG,LAD,3,2
tuesday apr 30,SFG,LAD,3,10
wednesday may 1,SFG,LAD,2,1
friday may 3,SDP,LAD,3,4
saturday may 4,SDP,LAD,6,7
sunday may 5,SDP,LAD,8,5
thursday may 9,LAD,WSN,0,6
friday may 10,LAD,WSN,5,0
saturday may 11,LAD,WSN,2,5
sunday may 12,LAD,WSN,6,0
tuesday may 14,LAD,SDP,6,3
wednesday may 15,LAD,SDP,2,0
friday may 17,CIN,LAD,0,6
saturday may 18,CIN,LAD,4,0
sunday may 19,CIN,LAD,3,8
tuesday may 21,TBR,LAD,3,7
wednesday may 22,TBR,LAD,8,1
friday may 24,PIT,LAD,2,10
saturday may 25,PIT,LAD,2,7
sunday may 26,PIT,LAD,7,11
monday may 27,LAD,NYM,9,5
tuesday may 28,LAD,NYM,3,7
wednesday may 29,LAD,NYM,9,8
thursday may 30,LAD,NYM,2,0
friday may 31,LAD,PHI,6,3
saturday jun 1,LAD,PHI,4,3
sunday jun 2,LAD,PHI,8,0
friday jun 7,SFG,LAD,2,1
saturday jun 8,SFG,LAD,2,7
sunday jun 9,SFG,LAD,0,1
monday jun 17,LAD,SFG,2,3
tuesday jun 18,LAD,SFG,9,0
wednesday jun 19,LAD,SFG,9,2
thursday jun 20,LAD,SFG,9,8
friday jun 21,LAD,COL,4,2
saturday jun 22,LAD,COL,5,4
sunday jun 23,LAD,COL,6,3
thursday jun 27,COL,LAD,8,12
friday jun 28,COL,LAD,13,9
saturday jun 29,COL,LAD,5,3
sunday jun 30,COL,LAD,5,10
thursday jul 4,LAD,SDP,5,1
friday jul 5,LAD,SDP,2,3
saturday jul 6,LAD,SDP,1,3
sunday jul 7,LAD,SDP,3,5
friday jul 12,BOS,LAD,8,1
saturday jul 13,BOS,LAD,2,11
sunday jul 14,BOS,LAD,4,7
monday jul 15,PHI,LAD,2,16
tuesday jul 16,PHI,LAD,9,8
wednesday jul 17,PHI,LAD,2,7
thursday jul 18,PHI,LAD,7,6
friday jul 19,LAD,MIA,2,1
saturday jul 20,LAD,MIA,10,6
sunday jul 21,LAD,MIA,9,0
friday jul 26,WSN,LAD,2,4
saturday jul 27,WSN,LAD,3,9
sunday jul 28,WSN,LAD,11,4
monday jul 29,COL,LAD,9,1
tuesday jul 30,COL,LAD,4,9
wednesday jul 31,COL,LAD,1,5
thursday aug 1,LAD,SDP,8,2
friday aug 2,LAD,SDP,2,5
saturday aug 3,LAD,SDP,4,1
sunday aug 4,LAD,SDP,11,10
tuesday aug 13,MIA,LAD,1,15
wednesday aug 14,MIA,LAD,1,9
thursday aug 15,MIA,LAD,13,7
friday aug 23,LAD,NYY,2,10
saturday aug 24,LAD,NYY,2,1
sunday aug 25,LAD,NYY,1,5
monday aug 26,SDP,LAD,4,3
tuesday aug 27,SDP,LAD,0,9
wednesday aug 28,SDP,LAD,4,6
monday sep 2,LAD,COL,16,9
tuesday sep 3,LAD,COL,5,3
wednesday sep 4,LAD,COL,7,3
friday sep 6,LAD,SFG,4,5
saturday sep 7,LAD,SFG,0,1
sunday sep 8,LAD,SFG,5,0
tuesday sep 10,BAL,LAD,3,7
wednesday sep 11,BAL,LAD,7,3
thursday sep 12,BAL,LAD,2,4
friday sep 13,NYM,LAD,2,9
saturday sep 14,NYM,LAD,3,0
sunday sep 15,NYM,LAD,2,3
tuesday sep 17,LAD,TBR,7,5
wednesday sep 18,LAD,TBR,7,8
friday sep 20,LAD,COL,12,5
saturday sep 21,LAD,COL,2,4
sunday sep 22,LAD,COL,7,4
tuesday sep 24,SDP,LAD,3,6
wednesday sep 25,SDP,LAD,4,6
thursday sep 26,SDP,LAD,0,1
friday sep 27,SFG,LAD,2,9
saturday sep 28,SFG,LAD,0,2
sunday sep 29,SFG,LAD,0,9
thursday mar 28,SDP,SFG,2,0
friday mar 29,SDP,SFG,4,1
saturday mar 30,SDP,SFG,2,3
sunday mar 31,SDP,SFG,3,1
friday apr 5,SFG,TBR,2,5
saturday apr 6,SFG,TBR,6,4
sunday apr 7,SFG,TBR,0,3
monday apr 8,SFG,SDP,5,6
tuesday apr 9,SFG,SDP,7,2
wednesday apr 10,SFG,SDP,1,3
thursday apr 11,SFG,COL,1,0
friday apr 12,SFG,COL,3,2
saturday apr 13,SFG,COL,5,2
sunday apr 14,SFG,COL,0,4
tuesday apr 16,WSN,SFG,3,7
wednesday apr 17,WSN,SFG,9,6
thursday apr 18,WSN,SFG,4,2
friday apr 19,PIT,SFG,4,1
saturday apr 20,PIT,SFG,3,1
sunday apr 21,PIT,SFG,2,3
friday apr 26,SFG,NYY,3,7
saturday apr 27,SFG,NYY,4,6
sunday apr 28,SFG,NYY,5,11
friday may 3,CIN,SFG,11,12
saturday may 4,CIN,SFG,9,2
sunday may 5,CIN,SFG,5,6
monday may 6,CIN,SFG,12,4
tuesday may 7,COL,SFG,4,14
thursday may 9,COL,SFG,12,11
friday may 10,SFG,CIN,0,7
saturday may 11,SFG,CIN,4,5
sunday may 12,SFG,CIN,6,5
tuesday may 28,MIA,SFG,11,3
wednesday may 29,MIA,SFG,4,2
thursday may 30,MIA,SFG,1,3
friday may 31,BAL,SFG,9,6
saturday jun 1,BAL,SFG,2,8
sunday jun 2,BAL,SFG,1,8
tuesday jun 4,NYM,SFG,3,9
wednesday jun 5,NYM,SFG,7,0
thursday jun 6,NYM,SFG,7,3
tuesday jun 11,SFG,SDP,6,5
wednesday jun 12,SFG,SDP,4,2
monday jun 24,SFG,COL,0,2
tuesday jun 25,SFG,COL,4,2
wednesday jun 26,SFG,COL,3,6
monday jul 1,SDP,SFG,2,13
tuesday jul 2,SDP,SFG,4,10
wednesday jul 3,SDP,SFG,5,7
monday jul 15 (1),COL,SFG,2,19
monday jul 15 (2),COL,SFG,1,2
tuesday jul 16,COL,SFG,4,8
wednesday jul 17,COL,SFG,8,11
thursday jul 18,SFG,NYM,3,2
friday jul 19,SFG,NYM,1,0
saturday jul 20,SFG,NYM,4,11
sunday jul 21,SFG,NYM,3,2
friday jul 26,SDP,SFG,1,2
saturday jul 27,SDP,SFG,5,1
sunday jul 28,SDP,SFG,6,7
tuesday jul 30,PHI,SFG,4,2
wednesday jul 31,PHI,SFG,1,5
thursday aug 1,PHI,SFG,10,2
friday aug 2,COL,SFG,5,4
saturday aug 3,COL,SFG,5,6
sunday aug 4,COL,SFG,6,2
monday aug 5,SFG,WSN,0,4
tuesday aug 6,SFG,WSN,3,5
wednesday aug 7,SFG,WSN,1,4
thursday aug 8,SFG,PHI,5,0
friday aug 9,SFG,PHI,6,9
saturday aug 10,SFG,PHI,3,1
sunday aug 11,SFG,PHI,9,6
thursday aug 29,SFG,SDP,3,5
friday aug 30,SFG,SDP,8,3
saturday aug 31,SFG,SDP,1,4
sunday sep 1,SFG,SDP,4,8
monday sep 9,SFG,PIT,4,6
tuesday sep 10,SFG,PIT,5,4
wednesday sep 11,SFG,PIT,3,6
thursday sep 12,SFG,PIT,2,4
friday sep 13,SFG,MIA,1,0
saturday sep 14,SFG,MIA,2,4
sunday sep 15,SFG,MIA,2,1
tuesday sep 17,BOS,SFG,6,7
wednesday sep 18,BOS,SFG,3,11
thursday sep 19,BOS,SFG,5,4
tuesday sep 24,SFG,COL,5,8
wednesday sep 25,SFG,COL,2,1
thursday sep 26,SFG,COL,8,3
thursday mar 28,MIN,CLE,2,0
saturday mar 30,MIN,CLE,1,2
sunday mar 31,MIN,CLE,9,3
monday apr 1,CLE,CHW,5,3
wednesday apr 3,CLE,CHW,3,8
tuesday apr 9,DET,CLE,2,8
wednesday apr 10,DET,CLE,4,1
thursday apr 11,DET,CLE,0,4
friday apr 12,KCR,CLE,8,1
saturday apr 13,KCR,CLE,3,0
sunday apr 14,KCR,CLE,9,8
monday apr 15,SEA,CLE,4,6
tuesday apr 16,SEA,CLE,2,4
wednesday apr 17,SEA,CLE,0,1
tuesday apr 23,CLE,MIA,1,3
wednesday apr 24,CLE,MIA,6,2
tuesday apr 30,MIA,CLE,4,7
wednesday may 1,MIA,CLE,4,2
friday may 3,CLE,SEA,2,1
saturday may 4,CLE,SEA,5,4
sunday may 5,CLE,SEA,0,10
monday may 6,CLE,CHW,1,9
tuesday may 7,CLE,CHW,0,2
wednesday may 8,CLE,CHW,5,3
thursday may 9,CLE,CHW,5,0
monday may 13,CHW,CLE,5,2
tuesday may 14,CHW,CLE,0,9
thursday may 16,CLE,BAL,14,7
friday may 17,CLE,BAL,1,5
saturday may 18,CLE,BAL,4,1
sunday may 19,CLE,BAL,10,0
thursday may 23,CLE,TBR,2,7
friday may 24,CLE,TBR,3,1
saturday may 25,CLE,TBR,2,6
sunday may 26,CLE,TBR,3,6
monday may 27,BOS,CLE,12,5
tuesday may 28,BOS,CLE,5,7
wednesday may 29,BOS,CLE,9,14
thursday may 30,CHW,CLE,10,4
friday may 31,CHW,CLE,6,1
saturday jun 1,CHW,CLE,2,5
sunday jun 2,CHW,CLE,2,0
tuesday jun 4,CLE,MIN,5,2
wednesday jun 5,CLE,MIN,9,7
thursday jun 6,CLE,MIN,4,5
friday jun 7,CLE,NYY,5,2
saturday jun 8,CLE,NYY,8,4
sunday jun 9,CLE,NYY,6,7
tuesday jun 11,CLE,CIN,2,1
wednesday jun 12,CLE,CIN,2,7
friday jun 14,DET,CLE,4,13
saturday jun 15,DET,CLE,2,4
sunday jun 16,DET,CLE,0,8
monday jun 17,TEX,CLE,7,2
tuesday jun 18,TEX,CLE,3,10
wednesday jun 19,TEX,CLE,4,10
thursday jun 20,TEX,CLE,4,2
friday jun 21,CLE,DET,7,6
saturday jun 22,CLE,DET,2,0
sunday jun 23,CLE,DET,8,3
monday jun 24,CLE,KCR,3,2
tuesday jun 25,CLE,KCR,6,8
wednesday jun 26,CLE,KCR,5,3
friday jun 28,BAL,CLE,13,0
saturday jun 29,BAL,CLE,13,0
sunday jun 30,BAL,CLE,0,2
tuesday jul 2,KCR,CLE,5,9
wednesday jul 3,KCR,CLE,0,4
thursday jul 4,KCR,CLE,4,8
saturday jul 6,CIN,CLE,2,7
sunday jul 7,CIN,CLE,1,11
friday jul 12,CLE,MIN,3,5
saturday jul 13,CLE,MIN,2,6
sunday jul 14,CLE,MIN,4,3
monday jul 15,CLE,DET,8,6
tuesday jul 16,CLE,DET,8,0
wednesday jul 17,CLE,DET,7,2
thursday jul 18,CLE,DET,6,3
friday jul 19,CLE,KCR,10,5
saturday jul 20,CLE,KCR,0,1
sunday jul 21,CLE,KCR,5,4
thursday jul 25,KCR,CLE,4,5
friday jul 26,KCR,CLE,3,8
saturday jul 27,KCR,CLE,1,9
sunday jul 28,KCR,CLE,9,6
monday aug 5,CLE,TEX,0,1
wednesday aug 7 (1),CLE,TEX,2,0
wednesday aug 7 (2),CLE,TEX,5,1
thursday aug 8,MIN,CLE,5,7
friday aug 9,MIN,CLE,2,6
saturday aug 10,MIN,CLE,4,1
sunday aug 11,MIN,CLE,3,7
monday aug 12,CLE,BOS,6,5
tuesday aug 13,CLE,BOS,6,7
wednesday aug 14,CLE,BOS,1,5
thursday aug 15,NYY,CLE,5,19
friday aug 16,NYY,CLE,3,2
saturday aug 17,NYY,CLE,6,5
sunday aug 18,NYY,CLE,4,8
tuesday aug 20,NYM,CLE,9,2
wednesday aug 21,NYM,CLE,4,3
thursday aug 22,NYM,CLE,2,0
friday aug 23,CLE,KCR,4,1
saturday aug 24,CLE,KCR,4,2
sunday aug 25,CLE,KCR,8,9
tuesday aug 27,DET,CLE,1,10
wednesday aug 28,DET,CLE,2,4
thursday aug 29,DET,CLE,0,2
friday aug 30,TBR,CLE,4,0
saturday aug 31,TBR,CLE,9,6
sunday sep 1,TBR,CLE,8,2
monday sep 2,CLE,CHW,11,3
tuesday sep 3,CLE,CHW,5,6
wednesday sep 4,CLE,CHW,8,6
thursday sep 5,CLE,CHW,1,7
friday sep 6,MIN,CLE,2,6
saturday sep 7,MIN,CLE,5,3
sunday sep 8,MIN,CLE,2,5
saturday sep 14 (1),CLE,MIN,0,2
saturday sep 14 (2),CLE,MIN,5,9
sunday sep 15,CLE,MIN,7,5
tuesday sep 17,CLE,DET,7,2
wednesday sep 18,CLE,DET,2,1
thursday sep 19,CLE,DET,7,0
friday sep 20,CLE,PHI,5,2
saturday sep 21,CLE,PHI,4,9
sunday sep 22,CLE,PHI,10,1
tuesday sep 24,CHW,CLE,0,11
wednesday sep 25,CHW,CLE,8,3
thursday sep 26,CHW,CLE,8,0
friday sep 27,WSN,CLE,8,2
saturday sep 28,WSN,CLE,10,7
sunday sep 29,WSN,CLE,8,2
thursday mar 28,SEA,BOS,12,4
friday mar 29,SEA,BOS,6,7
saturday mar 30,SEA,BOS,6,5
sunday mar 31,SEA,BOS,10,8
friday apr 5,CHW,SEA,10,8
saturday apr 6,CHW,SEA,2,9
sunday apr 7,CHW,SEA,5,12
monday apr 8,KCR,SEA,5,13
tuesday apr 9,KCR,SEA,3,6
wednesday apr 10,KCR,SEA,5,6
thursday apr 11,KCR,SEA,6,7
tuesday apr 23,SDP,SEA,6,3
wednesday apr 24,SDP,SEA,1,0
thursday apr 25,SEA,TEX,14,2
friday apr 26,SEA,TEX,5,4
saturday apr 27,SEA,TEX,1,15
sunday apr 28,SEA,TEX,1,14
monday may 6,NYY,SEA,7,3
tuesday may 7,NYY,SEA,5,4
wednesday may 8,NYY,SEA,1,10
thursday may 9,NYY,SEA,3,1
friday may 10,BOS,SEA,14,1
saturday may 11,BOS,SEA,9,5
sunday may 12,BOS,SEA,11,2
thursday may 16,SEA,MIN,6,11
friday may 17,SEA,MIN,1,7
saturday may 18,SEA,MIN,4,18
sunday may 19,SEA,MIN,7,4
monday may 20,TEX,SEA,10,9
tuesday may 21,TEX,SEA,5,3
wednesday may 22,TEX,SEA,2,1
monday may 27,SEA,TEX,6,2
tuesday may 28,SEA,TEX,4,11
wednesday may 29,SEA,TEX,7,8
tuesday jun 11,MIN,SEA,6,5
wednesday jun 12,MIN,SEA,6,9
thursday jun 13,MIN,SEA,10,5
monday jun 17,SEA,KCR,4,6
tuesday jun 18,SEA,KCR,0,9
wednesday jun 19,SEA,KCR,8,2
thursday jun 20,SEA,BAL,5,2
friday jun 21,SEA,BAL,10,9
saturday jun 22,SEA,BAL,4,8
sunday jun 23,SEA,BAL,13,3
monday jul 22,SEA,TEX,7,3
tuesday jul 23,SEA,TEX,2,7
wednesday jul 24,SEA,TEX,5,3
thursday jul 25,SEA,DET,10,2
friday jul 26,SEA,DET,3,2
saturday jul 27,SEA,DET,8,1
sunday jul 28,SEA,DET,3,2
tuesday jul 30,TEX,SEA,5,8
wednesday jul 31,TEX,SEA,9,7
tuesday aug 6,SEA,SDP,4,9
wednesday aug 7,SEA,SDP,3,2
friday aug 9,SEA,TBR,3,5
saturday aug 10,SEA,TBR,4,5
sunday aug 11,SEA,TBR,0,1
tuesday aug 13,DET,SEA,6,11
wednesday aug 14,DET,SEA,3,2
thursday aug 15,DET,SEA,2,7
monday aug 19,TBR,SEA,3,9
tuesday aug 20,TBR,SEA,4,7
wednesday aug 21,TBR,SEA,7,6
monday aug 26,SEA,NYY,4,5
tuesday aug 27,SEA,NYY,0,7
wednesday aug 28,SEA,NYY,3,7
thursday aug 29,TEX,SEA,3,5
friday aug 30,TEX,SEA,6,3
saturday aug 31,TEX,SEA,3,2
sunday sep 1,TEX,SEA,3,11
tuesday sep 10,SEA,CIN,4,3
wednesday sep 11,SEA,CIN,5,3
thursday sep 12,SEA,CIN,5,11
friday sep 13,SEA,CHW,7,9
saturday sep 14,SEA,CHW,2,1
sunday sep 15,SEA,CHW,11,10
tuesday sep 17,PIT,SEA,0,6
wednesday sep 18,PIT,SEA,1,4
thursday sep 19,PIT,SEA,5,6
friday sep 20,BAL,SEA,5,3
saturday sep 21,BAL,SEA,6,7
sunday sep 22,BAL,SEA,2,1
thursday mar 28,MIA,COL,3,6
friday mar 29,MIA,COL,1,6
saturday mar 30,MIA,COL,7,3
sunday mar 31,MIA,COL,3,0
monday apr 1,MIA,NYM,3,7
tuesday apr 2,MIA,NYM,5,6
wednesday apr 3,MIA,NYM,4,6
tuesday apr 9,CIN,MIA,14,0
wednesday apr 10,CIN,MIA,2,1
thursday apr 11,CIN,MIA,5,0
friday apr 12,MIA,PHI,1,9
saturday apr 13,MIA,PHI,10,3
sunday apr 14,MIA,PHI,1,3
friday apr 19,MIA,WSN,3,2
saturday apr 20,MIA,WSN,9,3
sunday apr 21,MIA,WSN,0,5
thursday apr 25,PHI,MIA,1,3
friday apr 26,PHI,MIA,4,0
saturday apr 27,PHI,MIA,12,9
sunday apr 28,PHI,MIA,5,1
friday may 10,NYM,MIA,11,2
saturday may 11,NYM,MIA,4,1
tuesday may 14,MIA,TBR,0,4
wednesday may 15,MIA,TBR,0,1
friday may 17,MIA,NYM,8,6
saturday may 18,MIA,NYM,2,0
sunday may 19,MIA,NYM,3,0
tuesday may 21,DET,MIA,4,5
wednesday may 22,DET,MIA,3,6
thursday may 23,DET,MIA,2,5
friday may 24,WSN,MIA,12,10
saturday may 25,WSN,MIA,5,0
sunday may 26,WSN,MIA,9,6
monday may 27,WSN,MIA,2,3
friday may 31,SDP,MIA,5,2
saturday jun 1,SDP,MIA,3,9
sunday jun 2,SDP,MIA,3,9
friday jun 14,MIA,PIT,0,11
saturday jun 15,MIA,PIT,4,3
sunday jun 16,MIA,PIT,4,5
friday jun 21,PHI,MIA,1,2
saturday jun 22,PHI,MIA,3,5
sunday jun 23,PHI,MIA,4,6
tuesday jun 25,MIA,WSN,1,6
wednesday jun 26,MIA,WSN,5,7
thursday jun 27,MIA,WSN,5,8
friday jun 28,MIA,PHI,6,2
saturday jun 29,MIA,PHI,9,6
sunday jun 30,MIA,PHI,6,13
tuesday jul 2,WSN,MIA,3,2
wednesday jul 3,WSN,MIA,3,1
thursday jul 4,WSN,MIA,5,2
friday jul 12,MIA,NYM,8,4
saturday jul 13,MIA,NYM,2,4
sunday jul 14,MIA,NYM,2,6
tuesday jul 16,MIA,SDP,12,7
wednesday jul 17,MIA,SDP,2,3
thursday jul 18,MIA,SDP,4,3
monday jul 22,CHW,MIA,9,1
tuesday jul 23,CHW,MIA,1,5
wednesday jul 24,CHW,MIA,0,2
tuesday jul 30,MIA,MIN,1,2
wednesday jul 31,MIA,MIN,4,7
thursday aug 1,MIA,MIN,5,4
saturday aug 3,TBR,MIA,8,6
sunday aug 4,TBR,MIA,7,2
monday aug 5 (1),NYM,MIA,6,2
monday aug 5 (2),NYM,MIA,5,4
tuesday aug 6,NYM,MIA,5,0
wednesday aug 7,NYM,MIA,7,2
friday aug 16,COL,MIA,3,0
saturday aug 17,COL,MIA,11,4
sunday aug 18,COL,MIA,7,6
friday aug 23,MIA,PHI,19,11
saturday aug 24,MIA,PHI,3,9
sunday aug 25,MIA,PHI,3,2
monday aug 26,MIA,CIN,3,6
tuesday aug 27,MIA,CIN,5,8
wednesday aug 28,MIA,CIN,0,5
thursday aug 29,MIA,CIN,4,3
friday aug 30,WSN,MIA,7,6
saturday aug 31,WSN,MIA,7,0
sunday sep 1,WSN,MIA,9,3
tuesday sep 3,PIT,MIA,4,5
wednesday sep 4,PIT,MIA,6,5
thursday sep 5,PIT,MIA,7,10
friday sep 6,MIA,KCR,0,3
saturday sep 7,MIA,KCR,2,7
sunday sep 8,MIA,KCR,9,0
friday sep 20,MIA,WSN,4,6
saturday sep 21,MIA,WSN,4,10
sunday sep 22,MIA,WSN,5,3
monday sep 23,NYM,MIA,4,8
tuesday sep 24,NYM,MIA,5,4
wednesday sep 25,NYM,MIA,10,3
thursday sep 26,NYM,MIA,2,4
friday sep 27,PHI,MIA,5,4
saturday sep 28,PHI,MIA,9,3
sunday sep 29,PHI,MIA,3,4
thursday mar 28,WSN,NYM,0,2
saturday mar 30,WSN,NYM,8,11
sunday mar 31,WSN,NYM,6,5
thursday apr 4,NYM,WSN,0,4
saturday apr 6,NYM,WSN,6,5
sunday apr 7,NYM,WSN,9,12
tuesday apr 9,NYM,MIN,8,14
wednesday apr 10,NYM,MIN,9,6
monday apr 15,PHI,NYM,6,7
tuesday apr 16,PHI,NYM,14,3
wednesday apr 17,PHI,NYM,3,2
monday apr 22,NYM,PHI,5,1
tuesday apr 23,NYM,PHI,9,0
wednesday apr 24,NYM,PHI,0,6
monday apr 29,NYM,CIN,4,5
tuesday apr 30,NYM,CIN,4,3
wednesday may 1,NYM,CIN,0,1
thursday may 2,NYM,CIN,1,0
monday may 6,SDP,NYM,4,0
tuesday may 7,SDP,NYM,6,7
wednesday may 8,SDP,NYM,3,2
tuesday may 14,WSN,NYM,2,6
wednesday may 15,WSN,NYM,5,1
thursday may 16,WSN,NYM,7,6
monday may 20,NYM,WSN,5,3
tuesday may 21,NYM,WSN,6,5
wednesday may 22,NYM,WSN,6,1
thursday may 23,NYM,WSN,6,4
friday may 24,NYM,DET,8,9
saturday may 25,NYM,DET,5,4
sunday may 26,NYM,DET,4,3
friday jun 7,NYM,COL,1,5
saturday jun 8,NYM,COL,5,3
sunday jun 9,NYM,COL,6,1
tuesday jun 11 (1),NYY,NYM,12,5
tuesday jun 11 (2),NYY,NYM,4,10
monday jun 24,PHI,NYM,13,7
tuesday jun 25,PHI,NYM,7,5
wednesday jun 26,PHI,NYM,5,4
thursday jun 27,PHI,NYM,6,3
tuesday jul 2,NYM,NYY,4,2
wednesday jul 3,NYM,NYY,1,5
friday jul 5,NYM,PHI,2,7
saturday jul 6,NYM,PHI,6,5
sunday jul 7,NYM,PHI,3,8
tuesday jul 16,MIN,NYM,2,3
wednesday jul 17,MIN,NYM,4,14
tuesday jul 23,NYM,SDP,5,2
wednesday jul 24,NYM,SDP,2,7
thursday jul 25,NYM,SDP,4,0
friday jul 26,NYM,PIT,6,3
saturday jul 27,NYM,PIT,3,0
sunday jul 28,NYM,PIT,8,7
tuesday jul 30,CHW,NYM,2,5
wednesday jul 31,CHW,NYM,2,4
thursday aug 1,CHW,NYM,0,4
friday aug 2,PIT,NYM,8,4
saturday aug 3,PIT,NYM,5,7
sunday aug 4,PIT,NYM,2,13
friday aug 9,NYM,WSN,7,6
saturday aug 10,NYM,WSN,4,3
sunday aug 11,NYM,WSN,4,7
friday aug 16,KCR,NYM,4,1
saturday aug 17,KCR,NYM,1,4
sunday aug 18,KCR,NYM,5,11
friday aug 30,PHI,NYM,5,11
saturday aug 31,PHI,NYM,3,6
sunday sep 1,PHI,NYM,5,2
monday sep 2,WSN,NYM,3,7
tuesday sep 3,WSN,NYM,11,10
wednesday sep 4,WSN,NYM,4,8
friday sep 6,NYM,PHI,5,4
saturday sep 7,NYM,PHI,0,5
sunday sep 8,NYM,PHI,7,10
monday sep 16,COL,NYM,9,4
tuesday sep 17,COL,NYM,1,6
wednesday sep 18,COL,NYM,4,7
friday sep 20,CIN,NYM,1,8
saturday sep 21,CIN,NYM,3,2
sunday sep 22,CIN,NYM,3,6
tuesday apr 2,WSN,PHI,2,8
wednesday apr 3,WSN,PHI,9,8
monday apr 8,PHI,WSN,4,3
tuesday apr 9,PHI,WSN,6,10
wednesday apr 10,PHI,WSN,1,15
friday apr 12,WSN,PIT,3,6
saturday apr 13,WSN,PIT,3,2
sunday apr 14,WSN,PIT,3,4
monday apr 22,COL,WSN,7,5
tuesday apr 23,COL,WSN,3,6
wednesday apr 24,COL,WSN,9,5
friday apr 26,WSN,SDP,3,4
saturday apr 27,WSN,SDP,3,8
sunday apr 28,WSN,SDP,7,6
friday may 3,PHI,WSN,4,2
saturday may 4,PHI,WSN,8,10
sunday may 5,PHI,WSN,7,1
friday may 31,CIN,WSN,9,3
saturday jun 1,CIN,WSN,2,5
sunday jun 2,CIN,WSN,1,4
tuesday jun 4,WSN,CHW,9,5
wednesday jun 5,WSN,CHW,6,4
thursday jun 6,SDP,WSN,5,4
friday jun 7,SDP,WSN,5,4
saturday jun 8,SDP,WSN,1,4
sunday jun 9,SDP,WSN,2,5
monday jun 10,CHW,WSN,1,12
tuesday jun 11,CHW,WSN,7,5
wednesday jun 19 (1),WSN,PHI,6,2
wednesday jun 19 (2),WSN,PHI,2,0
thursday jun 20,WSN,PHI,7,4
friday jun 28,DET,WSN,1,3
saturday jun 29,DET,WSN,7,5
sunday jun 30,DET,WSN,1,2
friday jul 5,WSN,KCR,4,7
saturday jul 6,WSN,KCR,6,0
sunday jul 7,WSN,KCR,5,2
friday jul 12,PHI,WSN,0,4
saturday jul 13,PHI,WSN,3,4
sunday jul 14,PHI,WSN,4,3
tuesday jul 16,BAL,WSN,1,8
wednesday jul 17,BAL,WSN,9,2
tuesday jul 23,WSN,COL,11,1
wednesday jul 24 (1),WSN,COL,3,2
wednesday jul 24 (2),WSN,COL,2,0
thursday jul 25,WSN,COL,7,8
monday aug 12,WSN,CIN,7,6
tuesday aug 13,WSN,CIN,3,1
wednesday aug 14,WSN,CIN,17,7
monday aug 19,PIT,WSN,0,13
tuesday aug 20,PIT,WSN,4,1
wednesday aug 21,PIT,WSN,1,11
thursday aug 22,PIT,WSN,1,7
tuesday aug 27,WSN,BAL,0,2
wednesday aug 28,WSN,BAL,8,4
tuesday sep 10,MIN,WSN,5,0
wednesday sep 11,MIN,WSN,2,6
thursday sep 12,MIN,WSN,6,12
monday sep 23,WSN,PHI,7,2
tuesday sep 24 (1),WSN,PHI,4,1
tuesday sep 24 (2),WSN,PHI,6,5
wednesday sep 25,WSN,PHI,5,2
thursday sep 26,WSN,PHI,6,3
thursday mar 28,NYY,BAL,7,2
saturday mar 30,NYY,BAL,3,5
sunday mar 31,NYY,BAL,5,7
thursday apr 4,BAL,NYY,4,8
saturday apr 6,BAL,NYY,4,6
sunday apr 7,BAL,NYY,3,15
friday apr 12,BOS,BAL,6,4
saturday apr 13,BOS,BAL,5,9
sunday apr 14,BOS,BAL,4,0
monday apr 15,BOS,BAL,1,8
tuesday apr 16,TBR,BAL,4,2
wednesday apr 17,TBR,BAL,8,1
thursday apr 18,TBR,BAL,5,6
saturday apr 20 (1),BAL,MIN,5,6
saturday apr 20 (2),BAL,MIN,7,16
sunday apr 21,BAL,MIN,3,4
monday apr 22,BAL,CHW,2,12
tuesday apr 23,BAL,CHW,9,1
wednesday apr 24,BAL,CHW,4,3
friday apr 26,MIN,BAL,6,1
saturday apr 27,MIN,BAL,9,2
sunday apr 28,MIN,BAL,4,1
monday apr 29,CHW,BAL,5,3
wednesday may 1 (1),CHW,BAL,4,5
wednesday may 1 (2),CHW,BAL,7,6
friday may 3,BAL,TBR,0,7
saturday may 4,BAL,TBR,3,0
monday may 6,BAL,BOS,4,1
tuesday may 7,BAL,BOS,5,8
wednesday may 8,BAL,BOS,1,2
wednesday may 15 (1),NYY,BAL,5,3
wednesday may 15 (2),NYY,BAL,3,1
monday may 20,BAL,NYY,7,10
tuesday may 21,BAL,NYY,4,11
wednesday may 22,BAL,NYY,5,7
thursday may 23,BAL,NYY,5,6
friday may 24,COL,BAL,8,6
saturday may 25,COL,BAL,6,9
sunday may 26,COL,BAL,8,7
monday may 27,BAL,DET,5,3
tuesday may 28,BAL,DET,0,3
wednesday may 29,BAL,DET,2,4
tuesday jun 4,TEX,BAL,11,12
wednesday jun 5,TEX,BAL,2,1
thursday jun 6,TEX,BAL,4,3
friday jun 14,BAL,BOS,2,13
saturday jun 15,BAL,BOS,2,7
sunday jun 16,BAL,BOS,6,8
tuesday jun 25,BAL,SDP,3,8
wednesday jun 26,BAL,SDP,5,10
monday jul 1,TBR,BAL,6,3
tuesday jul 2,TBR,BAL,6,3
wednesday jul 3,TBR,BAL,6,9
friday jul 12,BAL,TBR,4,16
saturday jul 13 (1),BAL,TBR,2,1
saturday jul 13 (2),BAL,TBR,4,12
sunday jul 14,BAL,TBR,1,4
friday jul 19,BAL,BOS,11,2
saturday jul 20,BAL,BOS,6,17
sunday jul 21,BAL,BOS,5,0
monday jul 29,SDP,BAL,8,1
tuesday jul 30,SDP,BAL,5,8
monday aug 5,BAL,NYY,6,9
tuesday aug 6,BAL,NYY,4,9
wednesday aug 7,BAL,NYY,2,14
monday aug 12 (1),NYY,BAL,8,5
monday aug 12 (2),NYY,BAL,11,8
tuesday aug 13,NYY,BAL,8,3
wednesday aug 14,NYY,BAL,6,5
friday aug 16,BOS,BAL,9,1
saturday aug 17,BOS,BAL,4,0
sunday aug 18,BOS,BAL,13,7
monday aug 19,BAL,KCR,4,5
tuesday aug 20,BAL,KCR,4,1
wednesday aug 21,BAL,KCR,8,1
thursday aug 22,BAL,TBR,2,5
friday aug 23,BAL,TBR,1,7
saturday aug 24,BAL,TBR,7,1
sunday aug 25,BAL,TBR,8,3
friday aug 30,KCR,BAL,2,14
saturday aug 31,KCR,BAL,7,5
sunday sep 1,KCR,BAL,6,4
monday sep 2,TBR,BAL,5,4
tuesday sep 3 (1),TBR,BAL,2,4
tuesday sep 3 (2),TBR,BAL,2,0
thursday sep 5,BAL,TEX,1,3
friday sep 6,BAL,TEX,6,7
saturday sep 7,BAL,TEX,4,9
sunday sep 8,BAL,TEX,4,10
friday sep 13,DET,BAL,2,6
saturday sep 14,DET,BAL,8,4
sunday sep 15,DET,BAL,2,8
monday sep 16,DET,BAL,5,2
friday sep 27,BOS,BAL,1,4
saturday sep 28,BOS,BAL,4,9
sunday sep 29,BOS,BAL,5,4
monday apr 15,SDP,COL,2,5
tuesday apr 16,SDP,COL,2,8
thursday apr 18,SDP,CIN,1,4
friday apr 19,SDP,CIN,2,3
saturday apr 20,SDP,CIN,2,4
sunday apr 21,SDP,CIN,4,3
friday may 10,COL,SDP,12,2
saturday may 11,COL,SDP,3,4
sunday may 12,COL,SDP,10,7
thursday may 16,SDP,PIT,4,3
friday may 17,SDP,PIT,3,5
saturday may 18,SDP,PIT,2,7
sunday may 19,SDP,PIT,4,6
monday may 27,NYY,SDP,5,2
tuesday may 28,NYY,SDP,4,5
wednesday may 29,NYY,SDP,7,0
monday jun 3,SDP,PHI,8,2
tuesday jun 4,SDP,PHI,6,9
wednesday jun 5,SDP,PHI,5,7
thursday jun 13,COL,SDP,9,6
friday jun 14,COL,SDP,12,16
saturday jun 15,COL,SDP,14,8
sunday jun 16,COL,SDP,13,14
friday jun 21,PIT,SDP,2,1
saturday jun 22,PIT,SDP,6,3
sunday jun 23,PIT,SDP,11,10
thursday aug 8,SDP,COL,9,3
friday aug 9,SDP,COL,7,1
saturday aug 10,SDP,COL,8,5
sunday aug 11,SDP,COL,3,8
monday aug 12,SDP,TBR,4,10
tuesday aug 13,SDP,TBR,5,7
wednesday aug 14,SDP,TBR,7,2
friday aug 16,PHI,SDP,8,4
saturday aug 17,PHI,SDP,3,5
sunday aug 18,PHI,SDP,2,3
monday aug 19,CIN,SDP,2,3
tuesday aug 20,CIN,SDP,3,2
wednesday aug 21,CIN,SDP,4,2
friday aug 23,SDP,BOS,0,11
saturday aug 24,SDP,BOS,4,5
sunday aug 25,SDP,BOS,3,1
friday sep 6,SDP,COL,2,3
saturday sep 7,SDP,COL,3,0
sunday sep 8,SDP,COL,2,1
friday sep 13,COL,SDP,10,8
saturday sep 14,COL,SDP,11,10
sunday sep 15,COL,SDP,10,5
friday apr 5,PHI,MIN,10,4
saturday apr 6,PHI,MIN,2,6
sunday apr 7,PHI,MIN,2,1
thursday apr 18,COL,PHI,6,2
friday apr 19,COL,PHI,4,3
saturday apr 20,COL,PHI,5,8
sunday apr 21,COL,PHI,4,1
tuesday apr 30,PHI,DET,1,3
wednesday may 1,PHI,DET,7,3
friday may 10,KCR,PHI,5,1
saturday may 11,KCR,PHI,0,7
sunday may 12,KCR,PHI,1,6
friday may 17,PHI,COL,5,4
saturday may 18,PHI,COL,2,1
sunday may 19,PHI,COL,7,5
friday jun 7,PHI,CIN,4,2
saturday jun 8,PHI,CIN,4,1
sunday jun 9,PHI,CIN,3,4
friday jul 19,PIT,PHI,1,6
saturday jul 20,PIT,PHI,5,1
sunday jul 21,PIT,PHI,1,2
tuesday jul 23,DET,PHI,2,3
wednesday jul 24,DET,PHI,0,4
friday aug 2,PHI,CHW,3,4
saturday aug 3,PHI,CHW,3,2
sunday aug 4,PHI,CHW,5,10
tuesday aug 20,BOS,PHI,2,3
wednesday aug 21,BOS,PHI,2,5
monday aug 26,PHI,PIT,6,5
tuesday aug 27,PHI,PIT,4,5
wednesday aug 28,PHI,PIT,12,3
monday sep 2,CIN,PHI,1,7
tuesday sep 3,CIN,PHI,2,6
wednesday sep 4,CIN,PHI,8,5
thursday sep 5,CIN,PHI,4,3
saturday sep 14,PHI,BOS,1,2
sunday sep 15,PHI,BOS,3,6
thursday mar 28,CIN,PIT,5,3
sunday mar 31,CIN,PIT,0,5
thursday apr 4,PIT,CIN,2,0
friday apr 5,PIT,CIN,2,0
saturday apr 6,PIT,CIN,6,5
sunday apr 7,PIT,CIN,7,5
tuesday apr 16,DET,PIT,3,5
wednesday apr 17,DET,PIT,2,3
tuesday apr 30,TEX,PIT,4,6
wednesday may 1,TEX,PIT,5,7
tuesday may 7,PIT,TEX,5,4
wednesday may 8,PIT,TEX,6,9
tuesday may 21,PIT,COL,0,5
wednesday may 22,PIT,COL,3,9
thursday may 23,PIT,COL,14,6
monday may 27 (1),CIN,PIT,5,8
monday may 27 (2),CIN,PIT,8,1
tuesday may 28,CIN,PIT,11,6
wednesday may 29,CIN,PIT,2,7
tuesday jun 18,PIT,DET,4,5
wednesday jun 19,PIT,DET,8,7
monday jul 29,CIN,PIT,11,6
tuesday jul 30,CIN,PIT,4,11
wednesday jul 31,CIN,PIT,4,1
friday aug 23,PIT,CIN,3,2
saturday aug 24,PIT,CIN,14,0
sunday aug 25,PIT,CIN,9,8
thursday aug 29,COL,PIT,8,11
friday aug 30,COL,PIT,4,9
saturday aug 31,COL,PIT,4,11
sunday sep 1,COL,PIT,2,6
friday sep 27,PIT,CIN,6,5
saturday sep 28,PIT,CIN,2,4
sunday sep 29,PIT,CIN,1,3
tuesday may 14,KCR,TEX,11,5
wednesday may 15,KCR,TEX,1,6
thursday may 16,KCR,TEX,1,16
thursday may 30,TEX,KCR,2,4
friday may 31,TEX,KCR,6,2
saturday jun 1,TEX,KCR,6,2
sunday jun 2,TEX,KCR,5,1
monday jun 10,BOS,TEX,3,4
tuesday jun 11,BOS,TEX,5,9
wednesday jun 12,BOS,TEX,4,3
thursday jun 13,BOS,TEX,7,6
friday jun 14,CIN,TEX,1,7
saturday jun 15,CIN,TEX,3,4
sunday jun 16,CIN,TEX,11,3
friday jun 21,TEX,CHW,4,5
saturday jun 22,TEX,CHW,6,5
sunday jun 23,TEX,CHW,7,4
tuesday jun 25,DET,TEX,3,5
wednesday jun 26,DET,TEX,1,4
thursday jun 27,DET,TEX,1,3
friday jun 28,TBR,TEX,0,5
saturday jun 29,TBR,TEX,5,2
sunday jun 30,TBR,TEX,6,2
friday jul 5,MIN,TEX,15,6
saturday jul 6,MIN,TEX,7,4
sunday jul 7,MIN,TEX,1,4
friday aug 2,TEX,DET,5,4
saturday aug 3,TEX,DET,5,4
sunday aug 4,TEX,DET,9,4
thursday aug 15,TEX,MIN,6,13
friday aug 16,TEX,MIN,3,4
saturday aug 17,TEX,MIN,7,12
sunday aug 18,TEX,MIN,3,6
thursday aug 22,CHW,TEX,6,1
friday aug 23,CHW,TEX,8,3
saturday aug 24,CHW,TEX,0,4
sunday aug 25,CHW,TEX,2,0
monday sep 2,NYY,TEX,0,7
tuesday sep 3,NYY,TEX,10,1
wednesday sep 4,NYY,TEX,4,1
tuesday sep 10,TEX,TBR,3,5
wednesday sep 11,TEX,TBR,10,9
thursday sep 12,TEX,TBR,6,4
tuesday sep 24,TEX,BOS,10,12
wednesday sep 25,TEX,BOS,3,10
thursday sep 26,TEX,BOS,7,5
friday sep 27,TEX,NYY,7,14
saturday sep 28,TEX,NYY,9,4
sunday sep 29,TEX,NYY,6,1
monday apr 1,TBR,COL,7,1
tuesday apr 2,TBR,COL,4,0
wednesday apr 3,TBR,COL,0,1
monday apr 8,CHW,TBR,1,5
tuesday apr 9,CHW,TBR,5,10
wednesday apr 10,CHW,TBR,1,9
friday apr 19,TBR,BOS,4,6
saturday apr 20,TBR,BOS,5,6
sunday apr 21,TBR,BOS,3,4
monday apr 22,TBR,KCR,6,3
tuesday apr 23,TBR,KCR,5,2
wednesday apr 24,TBR,KCR,2,10
saturday apr 27,BOS,TBR,1,2
sunday apr 28,BOS,TBR,2,5
monday apr 29,KCR,TBR,5,8
wednesday may 1 (1),KCR,TBR,3,2
wednesday may 1 (2),KCR,TBR,8,2
thursday may 2,KCR,TBR,1,3
friday may 10,TBR,NYY,3,4
saturday may 11,TBR,NYY,7,2
sunday may 12,TBR,NYY,1,7
friday may 17,NYY,TBR,4,3
saturday may 18,NYY,TBR,1,2
sunday may 19,NYY,TBR,13,5
thursday may 30,TBR,MIN,14,3
friday may 31,TBR,MIN,3,5
saturday jun 1,TBR,MIN,2,6
sunday jun 2,TBR,MIN,7,9
tuesday jun 4,DET,TBR,9,6
wednesday jun 5,DET,TBR,0,4
thursday jun 6,DET,TBR,1,6
friday jun 7,BOS,TBR,1,5
saturday jun 8 (1),BOS,TBR,2,9
saturday jun 8 (2),BOS,TBR,5,1
sunday jun 9,BOS,TBR,1,6
monday jun 17,NYY,TBR,3,0
tuesday jun 18,NYY,TBR,6,3
wednesday jun 19,NYY,TBR,12,1
tuesday jun 25,MIN,TBR,9,4
wednesday jun 26,MIN,TBR,6,4
thursday jun 27,MIN,TBR,2,5
thursday jul 4,TBR,NYY,4,8
friday jul 5,TBR,NYY,4,8
saturday jul 6,TBR,NYY,4,3
sunday jul 7,TBR,NYY,2,1
monday jul 15,NYY,TBR,4,5
tuesday jul 16,NYY,TBR,8,3
thursday jul 18 (1),NYY,TBR,6,2
thursday jul 18 (2),NYY,TBR,5,1
friday jul 19,TBR,CHW,2,9
saturday jul 20,TBR,CHW,1,2
sunday jul 21,TBR,CHW,4,2
monday jul 22,TBR,BOS,4,9
tuesday jul 23,TBR,BOS,4,5
wednesday jul 24,TBR,BOS,3,2
tuesday jul 30,BOS,TBR,5,6
wednesday jul 31,BOS,TBR,5,8
thursday aug 1,BOS,TBR,4,9
friday aug 16,TBR,DET,0,2
saturday aug 17,TBR,DET,1,0
sunday aug 18,TBR,DET,5,4
friday sep 20,TBR,BOS,5,4
saturday sep 21,TBR,BOS,5,4
sunday sep 22,TBR,BOS,4,7
monday sep 23,TBR,BOS,7,4
tuesday sep 24,TBR,NYY,2,1
wednesday sep 25,TBR,NYY,4,0
tuesday apr 16,NYY,BOS,8,0
wednesday apr 17,NYY,BOS,5,3
tuesday apr 23 (1),BOS,DET,4,7
tuesday apr 23 (2),BOS,DET,2,4
wednesday apr 24,BOS,DET,11,4
thursday apr 25,BOS,DET,7,3
thursday may 2,CHW,BOS,6,4
friday may 3,CHW,BOS,1,6
saturday may 4,CHW,BOS,2,15
sunday may 5,CHW,BOS,2,9
tuesday may 14,BOS,COL,4,5
wednesday may 15,BOS,COL,6,5
friday may 31,NYY,BOS,4,1
saturday jun 1,NYY,BOS,5,3
sunday jun 2,NYY,BOS,5,8
tuesday jun 4,KCR,BOS,3,8
wednesday jun 5,KCR,BOS,0,8
thursday jun 6,KCR,BOS,5,7
monday jun 17,MIN,BOS,0,2
tuesday jun 18,MIN,BOS,4,3
wednesday jun 19,MIN,BOS,4,9
monday jun 24,BOS,CHW,6,5
tuesday jun 25,BOS,CHW,6,3
wednesday jun 26,BOS,CHW,7,8
saturday jun 29,BOS,NYY,13,17
sunday jun 30,BOS,NYY,8,12
friday jul 5,DET,BOS,6,9
saturday jul 6,DET,BOS,6,10
sunday jul 7,DET,BOS,3,6
thursday jul 25,BOS,NYY,19,3
friday jul 26,BOS,NYY,10,5
saturday jul 27,BOS,NYY,9,5
sunday jul 28,BOS,NYY,6,9
friday aug 2,NYY,BOS,4,2
saturday aug 3 (1),NYY,BOS,9,2
saturday aug 3 (2),NYY,BOS,6,4
sunday aug 4,NYY,BOS,7,4
monday aug 5,BOS,KCR,7,5
tuesday aug 6,BOS,KCR,2,6
wednesday aug 7,BOS,KCR,5,4
tuesday aug 27,COL,BOS,6,10
wednesday aug 28,COL,BOS,4,7
tuesday sep 3,BOS,MIN,5,6
wednesday sep 4,BOS,MIN,6,2
thursday sep 5,BOS,MIN,1,2
friday sep 6,BOS,NYY,6,1
saturday sep 7,BOS,NYY,1,5
sunday sep 8,BOS,NYY,5,10
monday sep 9,BOS,NYY,0,5
friday jul 12,COL,CIN,3,2
saturday jul 13,COL,CIN,9,17
sunday jul 14,COL,CIN,10,9
friday jul 26,CIN,COL,2,12
saturday jul 27,CIN,COL,3,1
sunday jul 28,CIN,COL,3,2
friday jul 19,NYY,COL,8,2
saturday jul 20,NYY,COL,11,5
sunday jul 21,NYY,COL,4,8
thursday mar 28,KCR,CHW,5,3
saturday mar 30,KCR,CHW,8,6
sunday mar 31,KCR,CHW,3,6
tuesday apr 2,KCR,MIN,4,5
wednesday apr 3,KCR,MIN,6,7
thursday apr 4,DET,KCR,5,4
saturday apr 6,DET,KCR,7,4
sunday apr 7,DET,KCR,3,1
monday apr 15,CHW,KCR,5,4
tuesday apr 16,CHW,KCR,5,1
wednesday apr 17,CHW,KCR,3,4
thursday apr 18,NYY,KCR,1,6
friday apr 19,NYY,KCR,6,2
saturday apr 20,NYY,KCR,9,2
sunday apr 21,NYY,KCR,7,6
friday may 3,DET,KCR,4,3
saturday may 4,DET,KCR,3,15
sunday may 5,DET,KCR,5,2
saturday may 25 (1),KCR,NYY,3,7
saturday may 25 (2),KCR,NYY,5,6
sunday may 26,KCR,NYY,8,7
monday may 27,CHW,KCR,2,1
tuesday may 28,CHW,KCR,4,3
wednesday may 29,CHW,KCR,8,7
friday jun 7,KCR,CHW,6,4
saturday jun 8,KCR,CHW,0,2
sunday jun 9,KCR,CHW,2,5
tuesday jun 11,KCR,DET,3,2
wednesday jun 12,KCR,DET,2,3
thursday jun 13,KCR,DET,7,3
friday jun 14,MIN,KCR,2,0
saturday jun 15,MIN,KCR,5,4
sunday jun 16,MIN,KCR,6,8
thursday jun 20,KCR,MIN,4,1
friday jun 21,KCR,MIN,7,8
saturday jun 22,KCR,MIN,3,5
sunday jun 23,KCR,MIN,6,1
friday jul 12,KCR,DET,8,5
saturday jul 13,KCR,DET,4,1
sunday jul 14,KCR,DET,8,12
monday jul 15,KCR,CHW,5,2
tuesday jul 16,KCR,CHW,11,0
wednesday jul 17,KCR,CHW,7,5
thursday jul 18,KCR,CHW,6,5
friday aug 2,MIN,KCR,11,9
saturday aug 3,MIN,KCR,11,3
sunday aug 4,MIN,KCR,3,0
thursday aug 8,DET,KCR,10,8
friday aug 9,DET,KCR,5,2
saturday aug 10,DET,KCR,0,7
sunday aug 11,DET,KCR,2,10
tuesday sep 3,KCR,DET,6,5
wednesday sep 4,KCR,DET,5,4
thursday sep 5,KCR,DET,4,6
tuesday sep 10,CHW,KCR,7,3
wednesday sep 11,CHW,KCR,6,8
thursday sep 12,CHW,KCR,3,6
thursday sep 19,MIN,KCR,8,5
friday sep 20,MIN,KCR,4,3
saturday sep 21,MIN,KCR,5,12
sunday sep 22,MIN,KCR,12,8
friday sep 27,KCR,MIN,2,6
saturday sep 28,KCR,MIN,3,4
sunday sep 29,KCR,MIN,5,4
monday apr 1,NYY,DET,3,1
tuesday apr 2,NYY,DET,1,3
wednesday apr 3,NYY,DET,1,2
saturday apr 13,MIN,DET,4,3
sunday apr 14,MIN,DET,6,4
thursday apr 18,DET,CHW,9,7
friday apr 19,DET,CHW,3,7
sunday apr 21,DET,CHW,4,3
friday apr 26,CHW,DET,12,11
sunday apr 28,CHW,DET,4,1
friday may 10,MIN,DET,6,0
saturday may 11 (1),MIN,DET,3,5
saturday may 11 (2),MIN,DET,8,3
sunday may 12,MIN,DET,3,5
friday jun 7,DET,MIN,3,6
saturday jun 8,DET,MIN,9,3
sunday jun 9,DET,MIN,2,12
wednesday jul 3 (1),CHW,DET,7,5
wednesday jul 3 (2),CHW,DET,9,6
thursday jul 4,CHW,DET,5,11
monday aug 5,DET,CHW,4,7
tuesday aug 6 (1),DET,CHW,3,5
tuesday aug 6 (2),DET,CHW,10,6
wednesday aug 7,DET,CHW,1,8
friday aug 23,MIN,DET,6,9
saturday aug 24,MIN,DET,8,5
sunday aug 25,MIN,DET,7,4
friday aug 30,DET,MIN,5,13
saturday aug 31,DET,MIN,10,7
sunday sep 1,DET,MIN,3,8
monday sep 2,DET,MIN,3,4
tuesday sep 10,DET,NYY,12,11
thursday sep 12 (1),DET,NYY,4,10
thursday sep 12 (2),DET,NYY,4,6
friday sep 20,DET,CHW,1,10
saturday sep 21,DET,CHW,3,5
sunday sep 22,DET,CHW,6,3
tuesday sep 24,DET,MIN,2,4
wednesday sep 25,DET,MIN,1,5
thursday sep 26,DET,MIN,4,10
saturday sep 28 (1),CHW,DET,7,1
saturday sep 28 (2),CHW,DET,3,4
sunday sep 29,CHW,DET,5,3
friday may 3,NYY,MIN,6,3
saturday may 4,NYY,MIN,3,7
sunday may 5,NYY,MIN,4,1
friday may 24,MIN,CHW,11,4
saturday may 25,MIN,CHW,8,1
sunday may 26,MIN,CHW,7,0
friday jun 28,CHW,MIN,6,4
saturday jun 29,CHW,MIN,3,10
sunday jun 30,CHW,MIN,4,3
monday jul 22,MIN,NYY,8,6
tuesday jul 23,MIN,NYY,12,14
wednesday jul 24,MIN,NYY,7,10
thursday jul 25,CHW,MIN,3,10
friday jul 26,CHW,MIN,2,6
saturday jul 27,CHW,MIN,5,1
sunday jul 28,CHW,MIN,1,11
monday aug 19,MIN,CHW,4,6
tuesday aug 20,MIN,CHW,14,4
wednesday aug 21,MIN,CHW,0,4
tuesday aug 27,CHW,MIN,1,3
wednesday aug 28,CHW,MIN,2,8
thursday aug 29,CHW,MIN,5,10
monday sep 16,MIN,CHW,5,3
tuesday sep 17,MIN,CHW,9,8
wednesday sep 18,MIN,CHW,1,3
friday apr 12,NYY,CHW,6,9
saturday apr 13,NYY,CHW,4,0
sunday apr 14,NYY,CHW,2,5
thursday jun 13,CHW,NYY,5,4
friday jun 14,CHW,NYY,10,2
saturday jun 15,CHW,NYY,4,8
sunday jun 16,CHW,NYY,3,10
